"Ngày","Lần cuối","Mở","Cao","Thấp","KL","% Thay đổi"
"18/03/2026","1,783.56","1,788.73","1,816.11","1,766.23","605.07M","-0.29%"
"17/03/2026","1,788.73","1,772.60","1,814.26","1,772.60","612.42M","0.91%"
"16/03/2026","1,772.60","1,772.56","1,784.02","1,760.49","649.48M","0.00%"
"13/03/2026","1,772.56","1,776.44","1,789.89","1,757.23","760.25M","-0.22%"
"12/03/2026","1,776.44","1,796.23","1,803.17","1,764.88","761.97M","-1.10%"
"11/03/2026","1,796.23","1,740.71","1,801.73","1,740.71","774.57M","3.19%"
"10/03/2026","1,740.71","1,699.60","1,768.63","1,682.14","1.18B","2.42%"
"09/03/2026","1,699.60","1,817.73","1,817.73","1,695.53","1.13B","-6.50%"
"06/03/2026","1,817.73","1,850.66","1,850.66","1,814.01","839.67M","-1.78%"
"05/03/2026","1,850.66","1,856.66","1,887.94","1,846.77","957.97M","-0.32%"
"04/03/2026","1,856.66","1,864.78","1,876.08","1,804.63","1.27B","-0.44%"
"03/03/2026","1,864.78","1,903.50","1,912.24","1,858.57","1.06B","-2.03%"
"02/03/2026","1,903.50","1,948.72","1,948.72","1,856.79","1.22B","-2.32%"
"27/02/2026","1,948.72","1,952.69","1,961.77","1,935.07","732.78M","-0.20%"
"26/02/2026","1,952.69","1,932.71","1,955.22","1,932.71","647.53M","1.03%"
"25/02/2026","1,932.71","1,936.82","1,949.17","1,928.67","974.11M","-0.21%"
"24/02/2026","1,936.82","1,927.92","1,936.82","1,916.13","847.30M","0.46%"
"23/02/2026","1,927.92","1,904.16","1,931.63","1,904.16","628.77M","1.25%"
"13/02/2026","1,904.16","1,895.81","1,905.61","1,878.54","508.83M","0.44%"
"12/02/2026","1,895.81","1,879.24","1,898.10","1,879.24","398.88M","0.88%"
"11/02/2026","1,879.24","1,826.92","1,882.34","1,826.92","724.08M","2.86%"
"10/02/2026","1,826.92","1,819.63","1,841.69","1,812.46","644.34M","0.40%"
"09/02/2026","1,819.63","1,817.49","1,834.87","1,816.22","445.56M","0.12%"
"06/02/2026","1,817.49","1,847.81","1,847.81","1,812.50","885.46M","-1.64%"
"05/02/2026","1,847.81","1,861.24","1,869.89","1,847.81","603.36M","-0.72%"
"04/02/2026","1,861.24","1,872.59","1,879.15","1,850.39","840.95M","-0.61%"
"03/02/2026","1,872.59","1,869.17","1,885.31","1,864.32","784.40M","0.18%"
"02/02/2026","1,869.17","1,895.40","1,900.06","1,842.77","756.96M","-1.38%"
"30/01/2026","1,895.40","1,881.82","1,897.47","1,866.28","675.78M","0.72%"
"29/01/2026","1,881.82","1,869.14","1,885.88","1,854.70","525.96M","0.68%"
"28/01/2026","1,869.14","1,893.38","1,903.45","1,860.02","715.56M","-1.28%"
"27/01/2026","1,893.38","1,909.38","1,912.27","1,884.89","620.42M","-0.84%"
"26/01/2026","1,909.38","1,956.64","1,967.66","1,901.44","829.42M","-2.42%"
"23/01/2026","1,956.64","1,961.84","1,979.48","1,952.07","671.77M","-0.27%"
"22/01/2026","1,961.84","1,954.03","1,972.81","1,938.40","754.67M","0.40%"
"21/01/2026","1,954.03","1,964.23","1,968.64","1,936.72","940.12M","-0.52%"
"20/01/2026","1,964.23","1,971.81","1,985.18","1,953.18","827.37M","-0.38%"
"19/01/2026","1,971.81","1,956.26","1,977.27","1,956.26","693.74M","0.79%"
"16/01/2026","1,956.26","1,935.22","1,973.21","1,928.43","811.29M","1.09%"
"15/01/2026","1,935.22","1,950.48","1,951.76","1,909.53","1.03B","-0.78%"
"14/01/2026","1,950.48","1,976.38","1,986.55","1,930.78","1.13B","-1.31%"
"13/01/2026","1,976.38","1,961.77","1,988.00","1,944.10","1.12B","0.74%"
"12/01/2026","1,961.77","1,944.22","1,965.12","1,932.15","1.14B","0.90%"
"09/01/2026","1,944.22","1,956.73","1,969.71","1,929.22","1.03B","-0.64%"
"08/01/2026","1,956.73","1,973.69","1,997.23","1,950.08","1.01B","-0.86%"
"07/01/2026","1,973.69","1,935.93","1,973.69","1,934.21","788.96M","1.95%"
"06/01/2026","1,935.93","1,912.69","1,938.55","1,904.35","724.71M","1.22%"
"05/01/2026","1,912.69","1,918.00","1,928.46","1,896.13","702.11M","-0.28%"
"31/12/2025","1,918.00","1,900.27","1,919.59","1,885.93","498.10M","0.93%"
"30/12/2025","1,900.27","1,884.24","1,900.27","1,869.58","468.10M","0.85%"
"29/12/2025","1,884.24","1,861.57","1,884.33","1,861.57","408.52M","1.22%"
"26/12/2025","1,861.57","1,873.79","1,873.79","1,811.50","794.51M","-0.65%"
"25/12/2025","1,873.79","1,922.80","1,944.64","1,873.79","534.64M","-2.55%"
"24/12/2025","1,922.80","1,907.33","1,929.06","1,890.87","588.63M","0.81%"
"23/12/2025","1,907.33","1,885.64","1,915.95","1,885.64","613.66M","1.15%"
"22/12/2025","1,885.64","1,831.78","1,885.64","1,831.78","641.79M","2.94%"
"19/12/2025","1,831.78","1,804.06","1,835.91","1,804.06","535.30M","1.54%"
"18/12/2025","1,804.06","1,798.31","1,804.06","1,787.52","395.33M","0.32%"
"17/12/2025","1,798.31","1,807.62","1,816.56","1,772.02","398.56M","-0.52%"
"16/12/2025","1,807.62","1,765.08","1,818.08","1,745.20","626.47M","2.41%"
"15/12/2025","1,765.08","1,767.08","1,786.98","1,752.85","485.80M","-0.11%"
"12/12/2025","1,767.08","1,827.05","1,834.97","1,756.32","673.34M","-3.28%"
"11/12/2025","1,827.05","1,844.94","1,848.54","1,820.21","377.07M","-0.97%"
"10/12/2025","1,844.94","1,869.86","1,874.16","1,838.87","395.64M","-1.33%"
"09/12/2025","1,869.86","1,880.12","1,897.25","1,845.21","740.83M","-0.55%"
"08/12/2025","1,880.12","1,876.20","1,901.97","1,873.88","472.69M","0.21%"
"05/12/2025","1,876.20","1,878.72","1,899.85","1,870.75","523.96M","-0.13%"
"04/12/2025","1,878.72","1,868.56","1,884.57","1,864.35","654.71M","0.54%"
"03/12/2025","1,868.56","1,847.40","1,878.54","1,842.18","623.62M","1.15%"
"02/12/2025","1,847.40","1,834.56","1,850.83","1,818.22","559.78M","0.70%"
"01/12/2025","1,834.56","1,829.88","1,849.21","1,828.94","428.30M","0.26%"
"28/11/2025","1,829.88","1,827.32","1,838.09","1,816.63","535.32M","0.14%"
"27/11/2025","1,827.32","1,826.35","1,842.81","1,824.61","498.75M","0.05%"
"26/11/2025","1,826.35","1,803.41","1,829.13","1,800.20","588.99M","1.27%"
"25/11/2025","1,803.41","1,813.34","1,828.85","1,797.24","660.87M","-0.55%"
"24/11/2025","1,813.34","1,802.47","1,822.73","1,802.47","414.62M","0.60%"
"21/11/2025","1,802.47","1,804.39","1,807.44","1,781.18","542.43M","-0.11%"
"20/11/2025","1,804.39","1,796.70","1,809.55","1,794.27","496.21M","0.43%"
"19/11/2025","1,796.70","1,810.72","1,813.01","1,789.09","640.56M","-0.77%"
"18/11/2025","1,810.72","1,804.18","1,811.38","1,785.87","570.97M","0.36%"
"17/11/2025","1,804.18","1,780.35","1,804.18","1,780.35","551.44M","1.34%"
"14/11/2025","1,780.35","1,773.67","1,785.02","1,763.42","548.47M","0.38%"
"13/11/2025","1,773.67","1,779.78","1,787.35","1,766.56","539.93M","-0.34%"
"12/11/2025","1,779.78","1,732.96","1,780.02","1,732.96","584.49M","2.70%"
"11/11/2025","1,732.96","1,715.56","1,737.83","1,712.51","512.77M","1.01%"
"10/11/2025","1,715.56","1,735.99","1,752.89","1,715.49","564.50M","-1.18%"
"07/11/2025","1,735.99","1,785.91","1,789.34","1,732.17","715.08M","-2.80%"
"06/11/2025","1,785.91","1,802.59","1,806.12","1,781.31","470.69M","-0.93%"
"05/11/2025","1,802.59","1,812.10","1,823.89","1,794.00","524.23M","-0.52%"
"04/11/2025","1,812.10","1,765.36","1,821.01","1,748.07","948.39M","2.65%"
"03/11/2025","1,765.36","1,798.62","1,811.52","1,763.08","814.17M","-1.85%"
"31/10/2025","1,798.62","1,835.82","1,842.16","1,780.59","643.97M","-2.03%"
"30/10/2025","1,835.82","1,859.11","1,865.78","1,826.75","619.45M","-1.25%"
"29/10/2025","1,859.11","1,853.69","1,877.22","1,848.52","688.91M","0.29%"
"28/10/2025","1,853.69","1,810.65","1,853.81","1,782.26","721.66M","2.38%"
"27/10/2025","1,810.65","1,848.01","1,863.98","1,810.03","779.80M","-2.02%"
"24/10/2025","1,848.01","1,854.20","1,858.98","1,821.20","794.65M","-0.33%"
"23/10/2025","1,854.20","1,847.12","1,871.19","1,837.53","583.04M","0.38%"
"22/10/2025","1,847.12","1,832.98","1,866.34","1,788.37","748.64M","0.77%"
"21/10/2025","1,832.98","1,800.51","1,849.50","1,767.38","1.32B","1.80%"
"20/10/2025","1,800.51","1,908.40","1,908.40","1,799.19","1.39B","-5.65%"
"17/10/2025","1,908.40","1,950.03","1,966.36","1,902.07","1.05B","-2.13%"
"16/10/2025","1,950.03","1,937.17","1,950.26","1,933.02","924.49M","0.66%"
"15/10/2025","1,937.17","1,935.25","1,959.26","1,926.55","966.20M","0.10%"
"14/10/2025","1,935.25","1,935.65","1,971.66","1,925.45","1.28B","-0.02%"
"13/10/2025","1,935.65","1,911.55","1,936.66","1,866.21","1.05B","1.26%"
"10/10/2025","1,911.55","1,879.62","1,911.56","1,879.62","851.16M","1.70%"
"09/10/2025","1,879.62","1,861.87","1,882.75","1,861.87","914.70M","0.95%"
"08/10/2025","1,861.87","1,850.55","1,912.27","1,845.10","877.55M","0.61%"
"07/10/2025","1,850.55","1,864.34","1,887.95","1,839.36","660.54M","-0.74%"
"06/10/2025","1,864.34","1,803.15","1,864.34","1,803.15","874.09M","3.39%"
"03/10/2025","1,803.15","1,810.69","1,816.18","1,795.31","675.92M","-0.42%"
"02/10/2025","1,810.69","1,826.30","1,844.39","1,803.72","615.59M","-0.85%"
"01/10/2025","1,826.30","1,817.70","1,832.98","1,814.33","569.20M","0.47%"
"30/09/2025","1,817.70","1,820.38","1,832.18","1,797.07","880.01M","-0.15%"
"29/09/2025","1,820.38","1,812.71","1,827.18","1,797.75","672.69M","0.42%"
"26/09/2025","1,812.71","1,821.95","1,827.68","1,803.94","712.39M","-0.51%"
"25/09/2025","1,821.95","1,814.83","1,830.67","1,809.67","717.48M","0.39%"
"24/09/2025","1,814.83","1,781.08","1,814.83","1,762.35","811.87M","1.89%"
"23/09/2025","1,781.08","1,780.83","1,794.30","1,769.83","552.23M","0.01%"
"22/09/2025","1,780.83","1,814.00","1,823.73","1,761.32","955.21M","-1.83%"
"19/09/2025","1,814.00","1,819.65","1,828.61","1,796.68","711.22M","-0.31%"
"18/09/2025","1,819.65","1,824.79","1,835.05","1,797.35","706.16M","-0.28%"
"17/09/2025","1,824.79","1,836.72","1,842.98","1,817.15","770.35M","-0.65%"
"16/09/2025","1,836.72","1,840.69","1,855.59","1,830.46","1.04B","-0.22%"
"15/09/2025","1,840.69","1,823.56","1,840.69","1,821.38","929.32M","0.94%"
"12/09/2025","1,823.56","1,813.71","1,837.24","1,807.22","828.96M","0.54%"
"11/09/2025","1,813.71","1,795.38","1,816.54","1,746.52","1.01B","1.02%"
"10/09/2025","1,795.38","1,792.59","1,814.66","1,778.95","680.27M","0.16%"
"09/09/2025","1,792.59","1,772.72","1,792.59","1,758.98","845.09M","1.12%"
"08/09/2025","1,772.72","1,824.91","1,825.71","1,771.12","1.51B","-2.86%"
"05/09/2025","1,824.91","1,864.54","1,881.74","1,823.40","1.36B","-2.13%"
"04/09/2025","1,864.54","1,845.56","1,864.96","1,840.28","1.09B","1.03%"
"03/09/2025","1,845.56","1,844.40","1,856.13","1,831.41","1.04B","0.06%"
"29/08/2025","1,844.40","1,838.37","1,864.01","1,838.03","1.22B","0.33%"
"28/08/2025","1,838.37","1,823.27","1,842.25","1,806.87","955.36M","0.83%"
"27/08/2025","1,823.27","1,822.28","1,854.55","1,816.88","1.27B","0.05%"
"26/08/2025","1,822.28","1,754.96","1,822.48","1,739.49","1.05B","3.84%"
"25/08/2025","1,754.96","1,797.62","1,817.53","1,747.70","1.22B","-2.37%"
"22/08/2025","1,797.62","1,855.24","1,863.48","1,775.94","1.82B","-3.11%"
"21/08/2025","1,855.24","1,817.60","1,861.69","1,817.60","1.35B","2.07%"
"20/08/2025","1,817.60","1,804.39","1,825.82","1,754.48","1.84B","0.73%"
"19/08/2025","1,804.39","1,778.16","1,819.00","1,778.16","1.38B","1.48%"
"18/08/2025","1,778.16","1,768.43","1,784.00","1,763.09","1.23B","0.55%"
"15/08/2025","1,768.43","1,777.05","1,809.15","1,753.25","1.59B","-0.49%"
"14/08/2025","1,777.05","1,736.25","1,777.12","1,736.25","1.43B","2.35%"
"13/08/2025","1,736.25","1,730.45","1,744.92","1,706.70","1.48B","0.34%"
"12/08/2025","1,730.45","1,717.27","1,730.66","1,708.66","1.24B","0.77%"
"11/08/2025","1,717.27","1,703.18","1,723.57","1,703.18","1.25B","0.83%"
"08/08/2025","1,703.18","1,701.46","1,715.35","1,680.05","1.42B","0.10%"
"07/08/2025","1,701.46","1,689.03","1,707.17","1,682.71","1.27B","0.74%"
"06/08/2025","1,689.03","1,656.32","1,689.77","1,656.32","1.07B","1.97%"
"05/08/2025","1,656.32","1,630.53","1,699.33","1,618.39","2.22B","1.58%"
"04/08/2025","1,630.53","1,593.67","1,630.53","1,584.91","940.25M","2.31%"
"01/08/2025","1,593.67","1,597.80","1,607.12","1,574.72","1.09B","-0.26%"
"31/07/2025","1,597.80","1,599.05","1,620.08","1,577.43","1.33B","-0.08%"
"30/07/2025","1,599.05","1,578.81","1,603.73","1,568.32","1.32B","1.28%"
"29/07/2025","1,578.81","1,658.66","1,671.62","1,575.95","2.10B","-4.81%"
"28/07/2025","1,658.66","1,622.44","1,658.85","1,622.44","1.34B","2.23%"
"25/07/2025","1,622.44","1,605.47","1,625.70","1,605.47","1.10B","1.06%"
"24/07/2025","1,605.47","1,593.19","1,610.25","1,586.85","1.07B","0.77%"
"23/07/2025","1,593.19","1,587.40","1,605.95","1,586.50","1.17B","0.36%"
"22/07/2025","1,587.40","1,561.64","1,587.40","1,549.33","980.94M","1.65%"
"21/07/2025","1,561.64","1,568.47","1,585.30","1,557.38","1.09B","-0.44%"
"18/07/2025","1,568.47","1,555.96","1,571.26","1,550.43","1.08B","0.80%"
"17/07/2025","1,555.96","1,544.04","1,560.88","1,544.04","1.07B","0.77%"
"16/07/2025","1,544.04","1,527.96","1,544.32","1,523.34","914.92M","1.05%"
"15/07/2025","1,527.96","1,535.66","1,546.73","1,527.75","1.06B","-0.50%"
"14/07/2025","1,535.66","1,522.24","1,536.89","1,509.00","956.33M","0.88%"
"11/07/2025","1,522.24","1,507.60","1,528.15","1,507.36","990.53M","0.97%"
"10/07/2025","1,507.60","1,494.20","1,507.71","1,494.20","854.01M","0.90%"
"09/07/2025","1,494.20","1,482.65","1,497.78","1,482.63","1.16B","0.78%"
"08/07/2025","1,482.65","1,467.99","1,482.95","1,467.99","916.10M","1.00%"
"07/07/2025","1,467.99","1,448.26","1,468.18","1,448.26","1.04B","1.36%"
"04/07/2025","1,448.26","1,438.90","1,448.40","1,438.90","656.60M","0.65%"
"03/07/2025","1,438.90","1,438.15","1,450.65","1,433.84","1.08B","0.05%"
"02/07/2025","1,438.15","1,426.78","1,438.42","1,422.55","716.41M","0.80%"
"01/07/2025","1,426.78","1,427.53","1,433.03","1,419.73","590.87M","-0.05%"
"30/06/2025","1,427.53","1,420.73","1,429.87","1,420.73","505.07M","0.48%"
"27/06/2025","1,420.73","1,414.54","1,422.64","1,413.04","561.41M","0.44%"
"26/06/2025","1,414.54","1,414.64","1,420.94","1,408.47","486.02M","-0.01%"
"25/06/2025","1,414.64","1,413.88","1,421.54","1,411.04","610.42M","0.05%"
"24/06/2025","1,413.88","1,402.65","1,419.36","1,402.65","743.02M","0.80%"
"23/06/2025","1,402.65","1,399.20","1,402.81","1,384.40","573.81M","0.25%"
"20/06/2025","1,399.20","1,398.90","1,407.42","1,393.27","618.89M","0.02%"
"19/06/2025","1,398.90","1,393.43","1,400.52","1,387.71","496.95M","0.39%"
"18/06/2025","1,393.43","1,394.52","1,401.82","1,388.33","586.10M","-0.08%"
"17/06/2025","1,394.52","1,386.72","1,400.21","1,385.94","597.91M","0.56%"
"16/06/2025","1,386.72","1,363.26","1,386.89","1,354.98","595.05M","1.72%"
"13/06/2025","1,363.26","1,374.41","1,379.35","1,350.14","922.98M","-0.81%"
"12/06/2025","1,374.41","1,361.77","1,377.42","1,355.63","657.65M","0.93%"
"11/06/2025","1,361.77","1,360.99","1,366.86","1,353.51","407.21M","0.06%"
"10/06/2025","1,360.99","1,353.41","1,369.50","1,346.51","551.49M","0.56%"
"09/06/2025","1,353.41","1,370.94","1,371.89","1,351.51","555.12M","-1.28%"
"06/06/2025","1,370.94","1,385.01","1,388.75","1,368.22","729.17M","-1.02%"
"05/06/2025","1,385.01","1,389.54","1,392.21","1,379.43","571.66M","-0.33%"
"04/06/2025","1,389.54","1,390.82","1,395.68","1,386.07","723.64M","-0.09%"
"03/06/2025","1,390.82","1,377.43","1,395.41","1,377.43","839.26M","0.97%"
"02/06/2025","1,377.43","1,371.73","1,377.50","1,363.75","646.98M","0.42%"
"30/05/2025","1,371.73","1,382.77","1,388.10","1,367.17","711.54M","-0.80%"
"29/05/2025","1,382.77","1,381.79","1,389.41","1,377.13","703.37M","0.07%"
"28/05/2025","1,381.79","1,383.41","1,389.27","1,376.68","695.43M","-0.12%"
"27/05/2025","1,383.41","1,375.06","1,383.88","1,373.99","850.22M","0.61%"
"26/05/2025","1,375.06","1,359.03","1,375.11","1,331.20","752.71M","1.18%"
"23/05/2025","1,359.03","1,359.26","1,364.37","1,352.73","514.63M","-0.02%"
"22/05/2025","1,359.26","1,369.31","1,377.37","1,357.90","932.50M","-0.73%"
"21/05/2025","1,369.31","1,361.07","1,379.12","1,360.26","801.16M","0.61%"
"20/05/2025","1,361.07","1,339.57","1,361.80","1,339.57","688.41M","1.60%"
"19/05/2025","1,339.57","1,349.97","1,351.01","1,335.45","682.25M","-0.77%"
"16/05/2025","1,349.97","1,367.22","1,369.44","1,348.93","664.66M","-1.26%"
"15/05/2025","1,367.22","1,360.95","1,368.71","1,351.46","908.63M","0.46%"
"14/05/2025","1,360.95","1,343.22","1,361.88","1,340.76","769.91M","1.32%"
"13/05/2025","1,343.22","1,331.89","1,343.41","1,331.89","721.75M","0.85%"
"12/05/2025","1,331.89","1,312.94","1,332.81","1,312.94","710.40M","1.44%"
"09/05/2025","1,312.94","1,310.79","1,319.94","1,309.18","550.95M","0.16%"
"08/05/2025","1,310.79","1,290.06","1,312.62","1,290.06","616.69M","1.61%"
"07/05/2025","1,290.06","1,285.29","1,291.45","1,283.71","546.72M","0.37%"
"06/05/2025","1,285.29","1,285.90","1,296.66","1,284.13","569.90M","-0.05%"
"05/05/2025","1,285.90","1,273.69","1,286.26","1,272.45","466.69M","0.96%"
"29/04/2025","1,273.69","1,274.65","1,277.13","1,271.44","410.63M","-0.08%"
"28/04/2025","1,274.65","1,276.97","1,281.09","1,268.48","430.16M","-0.09%"
"25/04/2025","1,275.79","1,272.50","1,277.72","1,264.05","630.70M","0.31%"
"24/04/2025","1,271.82","1,266.06","1,273.24","1,258.13","571.63M","0.75%"
"23/04/2025","1,262.33","1,257.18","1,267.45","1,253.00","618.11M","1.28%"
"22/04/2025","1,246.42","1,248.58","1,253.28","1,180.19","1.33B","-0.75%"
"21/04/2025","1,255.90","1,267.00","1,270.95","1,249.42","652.67M","-0.90%"
"18/04/2025","1,267.27","1,270.43","1,283.83","1,267.27","840.30M","0.61%"
"17/04/2025","1,259.58","1,240.56","1,259.58","1,239.26","560.45M","0.78%"
"16/04/2025","1,249.89","1,266.64","1,274.84","1,245.28","585.92M","-1.44%"
"15/04/2025","1,268.15","1,273.86","1,287.12","1,258.75","790.73M","-1.33%"
"14/04/2025","1,285.22","1,277.18","1,287.48","1,269.33","781.06M","1.48%"
"11/04/2025","1,266.42","1,227.72","1,266.42","1,220.44","1.37B","4.74%"
"10/04/2025","1,209.13","1,208.92","1,209.22","1,208.21","159.01M","6.84%"
"09/04/2025","1,131.70","1,150.46","1,177.85","1,102.84","1.26B","-3.10%"
"08/04/2025","1,167.88","1,207.25","1,210.31","1,164.98","840.80M","-6.49%"
"04/04/2025","1,248.93","1,245.17","1,248.93","1,188.86","1.52B","-1.17%"
"03/04/2025","1,263.67","1,315.81","1,315.81","1,263.55","1.37B","-6.77%"
"02/04/2025","1,355.47","1,359.35","1,362.57","1,355.28","557.88M","0.03%"
"01/04/2025","1,355.08","1,349.54","1,355.08","1,343.09","423.39M","0.78%"
"31/03/2025","1,344.57","1,347.76","1,350.05","1,340.26","581.82M","-0.67%"
"28/03/2025","1,353.66","1,361.33","1,362.49","1,349.70","475.72M","-0.52%"
"27/03/2025","1,360.77","1,360.73","1,364.06","1,358.79","427.59M","-0.05%"
"26/03/2025","1,361.44","1,371.02","1,376.69","1,359.00","570.43M","-0.61%"
"25/03/2025","1,369.77","1,371.72","1,378.22","1,367.37","624.64M","-0.10%"
"24/03/2025","1,371.19","1,363.08","1,371.19","1,355.30","620.71M","0.67%"
"21/03/2025","1,362.13","1,363.37","1,365.36","1,360.81","553.93M","-0.10%"
"20/03/2025","1,363.47","1,368.11","1,372.56","1,355.65","642.40M","0.02%"
"19/03/2025","1,363.26","1,371.04","1,371.98","1,359.42","654.16M","-0.73%"
"18/03/2025","1,373.22","1,382.62","1,384.70","1,373.22","638.34M","-0.39%"
"17/03/2025","1,378.63","1,374.25","1,379.65","1,372.82","653.40M","0.74%"
"14/03/2025","1,368.45","1,370.80","1,377.24","1,366.69","703.96M","-0.21%"
"13/03/2025","1,371.38","1,381.06","1,386.08","1,369.76","756.51M","-0.59%"
"12/03/2025","1,379.53","1,385.85","1,387.80","1,375.10","657.43M","-0.20%"
"11/03/2025","1,382.28","1,367.06","1,382.28","1,363.89","637.11M","0.19%"
"10/03/2025","1,379.71","1,385.59","1,389.66","1,376.11","660.69M","-0.07%"
"07/03/2025","1,380.67","1,376.63","1,382.27","1,374.23","681.23M","0.48%"
"06/03/2025","1,374.06","1,361.56","1,374.06","1,361.24","780.94M","1.25%"
"05/03/2025","1,357.07","1,365.96","1,374.24","1,357.07","577.72M","-0.55%"
"04/03/2025","1,364.61","1,356.60","1,366.32","1,347.13","702.97M","0.33%"
"03/03/2025","1,360.08","1,355.20","1,362.09","1,354.24","587.52M","0.35%"
"28/02/2025","1,355.34","1,358.10","1,360.11","1,349.66","560.52M","-0.37%"
"27/02/2025","1,360.40","1,358.31","1,360.40","1,346.72","640.96M","0.32%"
"26/02/2025","1,356.04","1,356.67","1,359.27","1,354.07","534.81M","0.07%"
"25/02/2025","1,355.10","1,360.26","1,363.09","1,350.59","605.13M","-0.21%"
"24/02/2025","1,357.98","1,350.69","1,357.98","1,346.67","604.80M","0.69%"
"21/02/2025","1,348.68","1,346.71","1,349.98","1,343.51","476.17M","0.14%"
"20/02/2025","1,346.76","1,347.10","1,349.44","1,344.42","502.25M","0.26%"
"19/02/2025","1,343.21","1,333.61","1,344.03","1,332.30","514.47M","0.81%"
"18/02/2025","1,332.45","1,330.16","1,340.31","1,328.06","440.19M","0.30%"
"17/02/2025","1,328.53","1,332.85","1,334.91","1,327.99","554.89M","-0.26%"
"14/02/2025","1,331.93","1,329.53","1,338.53","1,329.53","453.74M","0.28%"
"13/02/2025","1,328.18","1,325.54","1,328.39","1,320.72","321.11M","0.16%"
"12/02/2025","1,326.00","1,330.75","1,333.28","1,325.85","327.17M","-0.12%"
"11/02/2025","1,327.53","1,321.71","1,327.53","1,318.43","425.05M","0.61%"
"10/02/2025","1,319.52","1,328.18","1,331.38","1,318.21","535.94M","-0.97%"
"07/02/2025","1,332.45","1,330.84","1,336.39","1,326.93","389.77M","0.18%"
"06/02/2025","1,330.11","1,331.43","1,334.71","1,326.48","379.74M","0.24%"
"05/02/2025","1,326.89","1,325.64","1,329.42","1,322.68","382.96M","0.37%"
"04/02/2025","1,322.03","1,313.60","1,322.36","1,311.87","422.90M","1.00%"
"03/02/2025","1,309.00","1,317.49","1,317.49","1,304.74","373.39M","-1.44%"
"24/01/2025","1,328.12","1,321.39","1,328.44","1,320.08","363.44M","0.52%"
"23/01/2025","1,321.22","1,297.30","1,325.73","1,297.30","375.34M","1.86%"
"22/01/2025","1,297.08","1,302.22","1,304.75","1,297.08","292.20M","-0.19%"
"21/01/2025","1,299.52","1,305.03","1,306.69","1,294.98","266.41M","-0.15%"
"20/01/2025","1,301.43","1,300.36","1,304.31","1,298.57","257.88M","0.14%"
"17/01/2025","1,299.59","1,290.14","1,299.59","1,286.51","239.23M","0.75%"
"16/01/2025","1,289.87","1,288.88","1,295.01","1,281.95","300.40M","0.52%"
"15/01/2025","1,283.24","1,279.08","1,285.14","1,276.66","284.84M","0.73%"
"14/01/2025","1,273.90","1,281.48","1,282.81","1,271.05","231.27M","-0.68%"
"13/01/2025","1,282.59","1,270.81","1,282.59","1,266.14","320.81M","0.54%"
"10/01/2025","1,275.70","1,293.89","1,295.47","1,275.70","349.08M","-1.42%"
"09/01/2025","1,294.05","1,299.73","1,302.26","1,291.24","200.61K","-0.44%"
"08/01/2025","1,299.72","1,294.81","1,299.72","1,288.33","258.77K","0.29%"
"07/01/2025","1,295.92","1,299.15","1,304.44","1,291.00","354.52K","-0.03%"
"06/01/2025","1,296.30","1,307.15","1,311.28","1,294.93","354.21K","-0.80%"
"03/01/2025","1,306.77","1,327.21","1,327.21","1,306.77","369.75K","-1.64%"
"02/01/2025","1,328.51","1,329.98","1,331.69","1,320.53","256.27K","-0.09%"
"31/12/2024","1,329.75","1,331.71","1,331.90","1,326.14","287.39K","-0.20%"
"30/12/2024","1,332.48","1,331.25","1,332.48","1,324.85","319.47K","0.03%"
"27/12/2024","1,332.13","1,327.14","1,333.93","1,327.14","432.53K","0.39%"
"26/12/2024","1,326.91","1,330.82","1,332.29","1,325.31","316.87K","-0.17%"
"25/12/2024","1,329.18","1,312.36","1,335.42","1,312.36","516.26K","1.30%"
"24/12/2024","1,312.18","1,312.97","1,313.05","1,303.31","360.40K","-0.04%"
"23/12/2024","1,312.75","1,311.09","1,315.08","1,310.53","252.38K","0.45%"
"20/12/2024","1,306.81","1,306.26","1,308.47","1,304.16","303.89K","0.13%"
"19/12/2024","1,305.12","1,318.48","1,318.48","1,298.74","490.87K","-1.06%"
"18/12/2024","1,319.06","1,315.35","1,320.03","1,313.98","267.78K","0.32%"
"17/12/2024","1,314.91","1,319.41","1,319.76","1,312.75","239.81K","-0.25%"
"16/12/2024","1,318.26","1,317.41","1,321.76","1,311.73","285.90K","0.11%"
"13/12/2024","1,316.87","1,320.49","1,320.99","1,314.73","281.30K","-0.39%"
"12/12/2024","1,322.05","1,323.67","1,329.45","1,319.99","362.03K","-0.10%"
"11/12/2024","1,323.33","1,324.10","1,330.25","1,317.54","356.22K","-0.05%"
"10/12/2024","1,324.00","1,324.49","1,328.29","1,320.61","353.90K","-0.04%"
"09/12/2024","1,324.48","1,324.43","1,329.86","1,318.93","412.44K","0.07%"
"06/12/2024","1,323.54","1,322.34","1,327.96","1,321.32","452.46K","0.09%"
"05/12/2024","1,322.40","1,287.03","1,322.40","1,282.00","649.20K","2.88%"
"04/12/2024","1,285.33","1,294.21","1,294.43","1,284.73","371.22K","-0.90%"
"03/12/2024","1,296.98","1,295.51","1,300.40","1,290.50","342.28K","0.09%"
"02/12/2024","1,295.86","1,300.51","1,304.04","1,291.31","282.22K","-0.02%"
"29/11/2024","1,296.08","1,286.95","1,297.28","1,285.21","313.77K","0.70%"
"28/11/2024","1,287.02","1,291.59","1,295.97","1,284.18","291.04K","0.03%"
"27/11/2024","1,286.67","1,283.83","1,288.69","1,282.61","261.17K","0.14%"
"26/11/2024","1,284.87","1,277.96","1,289.73","1,277.37","363.99K","0.61%"
"25/11/2024","1,277.14","1,271.42","1,277.81","1,270.58","307.05K","0.49%"
"22/11/2024","1,270.87","1,273.06","1,276.88","1,269.48","342.98K","-0.15%"
"21/11/2024","1,272.84","1,259.65","1,272.84","1,255.43","321.95K","1.09%"
"20/11/2024","1,259.16","1,244.66","1,265.53","1,235.84","492.83K","1.11%"
"19/11/2024","1,245.32","1,259.59","1,261.85","1,245.32","333.57K","-1.13%"
"18/11/2024","1,259.53","1,259.94","1,267.31","1,244.04","433.11K","-0.06%"
"15/11/2024","1,260.23","1,272.17","1,272.61","1,257.83","526.13K","-1.22%"
"14/11/2024","1,275.80","1,291.24","1,293.77","1,275.41","420.07K","-1.38%"
"13/11/2024","1,293.69","1,289.23","1,294.73","1,279.69","456.80K","0.14%"
"12/11/2024","1,291.84","1,300.70","1,304.39","1,288.29","397.76K","-0.51%"
"11/11/2024","1,298.40","1,303.64","1,304.25","1,287.90","550.32K","-0.40%"
"08/11/2024","1,303.59","1,315.39","1,315.49","1,299.39","389.21K","-0.58%"
"07/11/2024","1,311.22","1,318.57","1,319.84","1,310.41","352.91K","-0.13%"
"06/11/2024","1,312.88","1,296.36","1,313.40","1,296.36","384.13K","1.32%"
"05/11/2024","1,295.76","1,294.58","1,299.96","1,294.49","259.75K","0.10%"
"04/11/2024","1,294.46","1,306.97","1,308.59","1,292.04","455.76K","-0.94%"
"01/11/2024","1,306.72","1,314.96","1,317.40","1,305.91","424.26K","-0.98%"
"31/10/2024","1,319.60","1,316.47","1,321.57","1,310.73","340.43K","0.30%"
"30/10/2024","1,315.62","1,319.08","1,320.46","1,309.70","352.44K","-0.12%"
"29/10/2024","1,317.20","1,309.95","1,317.55","1,309.95","363.93K","0.58%"
"28/10/2024","1,309.56","1,307.03","1,309.63","1,304.92","310.59K","0.23%"
"25/10/2024","1,306.53","1,314.37","1,314.99","1,304.46","412.81K","-0.31%"
"24/10/2024","1,310.55","1,327.90","1,330.92","1,310.55","468.37K","-1.29%"
"23/10/2024","1,327.65","1,325.54","1,329.05","1,317.67","424.29K","0.21%"
"22/10/2024","1,324.86","1,333.09","1,335.67","1,319.82","569.64K","-0.64%"
"21/10/2024","1,333.41","1,336.90","1,341.71","1,333.41","447.79K","-0.36%"
"18/10/2024","1,338.25","1,344.40","1,347.43","1,337.33","477.66K","-0.09%"
"17/10/2024","1,339.42","1,332.27","1,339.42","1,320.69","492.20K","0.79%"
"16/10/2024","1,328.95","1,331.57","1,334.80","1,325.88","366.41K","-0.26%"
"15/10/2024","1,332.47","1,340.10","1,346.08","1,330.55","533.90K","-0.45%"
"14/10/2024","1,338.56","1,345.48","1,353.93","1,338.13","530.99K","-0.45%"
"11/10/2024","1,344.63","1,344.39","1,346.63","1,338.62","348.42K","0.13%"
"10/10/2024","1,342.91","1,341.31","1,354.10","1,341.31","520.29K","0.37%"
"09/10/2024","1,337.92","1,328.10","1,338.28","1,327.01","500.87K","0.91%"
"08/10/2024","1,325.88","1,323.72","1,331.19","1,319.07","507.57K","0.32%"
"07/10/2024","1,321.63","1,326.88","1,330.20","1,314.62","361.67K","0.10%"
"04/10/2024","1,320.26","1,329.56","1,330.49","1,320.26","445.13K","-0.63%"
"03/10/2024","1,328.69","1,340.35","1,352.94","1,327.28","801.49K","-0.76%"
"02/10/2024","1,338.80","1,340.38","1,346.58","1,336.31","522.90K","-0.46%"
"01/10/2024","1,344.98","1,342.87","1,355.61","1,342.87","708.08K","0.37%"
"30/09/2024","1,340.04","1,339.44","1,342.15","1,333.40","548.51K","0.04%"
"27/09/2024","1,339.45","1,342.68","1,347.70","1,334.00","706.94K","0.10%"
"26/09/2024","1,338.15","1,334.67","1,345.63","1,332.60","717.09K","0.47%"
"25/09/2024","1,331.90","1,325.44","1,331.90","1,322.57","725.51K","1.01%"
"24/09/2024","1,318.53","1,308.20","1,318.53","1,306.52","373.32K","0.75%"
"23/09/2024","1,308.65","1,316.19","1,319.27","1,307.59","336.24K","-0.35%"
"20/09/2024","1,313.30","1,314.73","1,322.87","1,313.30","674.99K","0.47%"
"19/09/2024","1,307.15","1,304.38","1,307.65","1,300.97","360.98K","0.54%"
"18/09/2024","1,300.16","1,295.77","1,306.41","1,292.94","444.45K","0.49%"
"17/09/2024","1,293.78","1,273.53","1,293.78","1,272.51","339.08K","1.68%"
"16/09/2024","1,272.45","1,284.50","1,290.20","1,272.45","324.12K","-1.01%"
"13/09/2024","1,285.49","1,287.49","1,288.27","1,282.80","281.38K","-0.10%"
"12/09/2024","1,286.78","1,290.14","1,292.49","1,285.75","285.80K","0.19%"
"11/09/2024","1,284.29","1,283.97","1,288.88","1,276.24","394.19K","-0.13%"
"10/09/2024","1,285.92","1,301.11","1,303.16","1,282.47","447.55K","-0.96%"
"09/09/2024","1,298.41","1,300.60","1,301.02","1,293.76","331.27K","-0.52%"
"06/09/2024","1,305.19","1,299.78","1,305.41","1,293.90","384.22K","0.37%"
"05/09/2024","1,300.33","1,310.59","1,314.47","1,296.35","442.35K","-0.71%"
"04/09/2024","1,309.65","1,310.40","1,312.42","1,302.80","445.14K","-0.90%"
"30/08/2024","1,321.49","1,318.80","1,322.89","1,318.21","386.91K","0.33%"
"29/08/2024","1,317.19","1,316.67","1,323.59","1,315.84","448.51K","0.04%"
"28/08/2024","1,316.71","1,318.96","1,320.39","1,311.30","524.53K","0.09%"
"27/08/2024","1,315.47","1,313.27","1,318.73","1,309.37","449.92K","0.08%"
"26/08/2024","1,314.46","1,321.44","1,325.08","1,312.56","534.30K","-0.34%"
"23/08/2024","1,318.92","1,317.96","1,321.13","1,308.24","471.45K","0.15%"
"22/08/2024","1,316.99","1,319.34","1,320.13","1,313.55","448.91K","0.02%"
"21/08/2024","1,316.71","1,304.47","1,316.71","1,301.00","550.61K","0.82%"
"20/08/2024","1,306.01","1,299.15","1,309.82","1,297.25","575.14K","0.68%"
"19/08/2024","1,297.19","1,293.80","1,299.63","1,291.76","446.65K","0.77%"
"16/08/2024","1,287.32","1,256.51","1,287.32","1,256.51","693.04K","2.63%"
"15/08/2024","1,254.39","1,259.21","1,261.23","1,250.52","314.97K","-0.41%"
"14/08/2024","1,259.57","1,265.55","1,266.04","1,257.38","317.96K","-0.07%"
"13/08/2024","1,260.49","1,262.31","1,265.02","1,253.92","348.45K","-0.23%"
"12/08/2024","1,263.44","1,256.74","1,263.88","1,251.39","356.49K","0.68%"
"09/08/2024","1,254.85","1,241.84","1,255.51","1,238.83","402.20K","1.71%"
"08/08/2024","1,233.75","1,237.11","1,246.46","1,227.83","478.59K","-0.76%"
"07/08/2024","1,243.16","1,246.54","1,246.54","1,232.79","374.17K","0.19%"
"06/08/2024","1,240.81","1,228.49","1,243.50","1,216.03","437.34K","2.00%"
"05/08/2024","1,216.52","1,251.12","1,254.35","1,211.96","710.61K","-4.20%"
"02/08/2024","1,269.83","1,255.53","1,269.83","1,240.59","475.21K","0.81%"
"01/08/2024","1,259.57","1,288.99","1,293.32","1,253.52","599.69K","-2.28%"
"31/07/2024","1,288.99","1,284.23","1,292.36","1,282.17","467.84K","0.53%"
"30/07/2024","1,282.20","1,284.14","1,285.49","1,273.46","377.04K","-0.15%"
"29/07/2024","1,284.12","1,285.36","1,289.93","1,282.22","303.70K","0.31%"
"26/07/2024","1,280.12","1,273.23","1,280.12","1,269.89","291.66K","0.69%"
"25/07/2024","1,271.39","1,270.49","1,274.62","1,263.79","294.79K","-0.60%"
"24/07/2024","1,279.08","1,268.07","1,282.78","1,255.95","476.14K","0.45%"
"23/07/2024","1,273.34","1,298.02","1,301.95","1,271.70","486.93K","-1.72%"
"22/07/2024","1,295.61","1,300.31","1,305.86","1,283.34","582.17K","-0.64%"
"19/07/2024","1,303.92","1,310.27","1,317.11","1,298.53","564.30K","-0.48%"
"18/07/2024","1,310.27","1,307.09","1,310.27","1,290.95","460.28K","0.30%"
"17/07/2024","1,306.32","1,318.94","1,327.00","1,290.67","842.75K","-0.54%"
"16/07/2024","1,313.44","1,311.24","1,321.93","1,309.80","426.83K","0.20%"
"15/07/2024","1,310.82","1,314.12","1,319.42","1,306.40","315.87K","-0.24%"
"12/07/2024","1,313.96","1,317.56","1,323.81","1,309.69","373.84K","-0.35%"
"11/07/2024","1,318.61","1,326.09","1,329.82","1,318.61","458.65K","-0.22%"
"10/07/2024","1,321.46","1,332.93","1,334.65","1,321.46","466.57K","-0.77%"
"09/07/2024","1,331.68","1,324.07","1,331.68","1,319.48","541.44K","0.62%"
"08/07/2024","1,323.54","1,326.06","1,327.17","1,317.56","473.82K","0.01%"
"05/07/2024","1,323.39","1,319.42","1,323.65","1,314.76","402.93K","0.39%"
"04/07/2024","1,318.22","1,316.09","1,319.94","1,310.39","342.71K","0.42%"
"03/07/2024","1,312.67","1,303.96","1,315.37","1,303.96","358.76K","0.68%"
"02/07/2024","1,303.85","1,293.87","1,306.79","1,291.84","345.82K","1.09%"
"01/07/2024","1,289.78","1,282.90","1,289.78","1,275.79","299.72K","0.51%"
"28/06/2024","1,283.25","1,296.92","1,297.73","1,275.80","465.88K","-1.01%"
"27/06/2024","1,296.31","1,296.30","1,297.51","1,288.58","328.31K","-0.16%"
"26/06/2024","1,298.43","1,297.32","1,300.52","1,282.75","412.36K","0.21%"
"25/06/2024","1,295.68","1,294.04","1,298.24","1,288.03","384.49K","0.16%"
"24/06/2024","1,293.56","1,323.35","1,326.52","1,290.08","777.51K","-2.37%"
"21/06/2024","1,324.91","1,327.59","1,329.15","1,320.93","503.20K","-0.02%"
"20/06/2024","1,325.15","1,322.46","1,328.81","1,314.97","602.78K","0.37%"
"19/06/2024","1,320.28","1,321.42","1,325.09","1,308.58","570.04K","0.17%"
"18/06/2024","1,318.00","1,321.12","1,326.50","1,316.92","457.67K","0.14%"
"17/06/2024","1,316.14","1,323.20","1,324.43","1,311.44","571.57K","-0.42%"
"14/06/2024","1,321.73","1,344.70","1,346.50","1,321.73","727.42K","-1.51%"
"13/06/2024","1,341.97","1,339.43","1,345.85","1,336.85","633.32K","0.22%"
"12/06/2024","1,339.02","1,318.87","1,339.02","1,316.11","566.08K","1.59%"
"11/06/2024","1,318.06","1,327.41","1,329.25","1,311.55","596.08K","-0.35%"
"10/06/2024","1,322.69","1,324.97","1,329.04","1,318.19","509.88K","0.26%"
"07/06/2024","1,319.20","1,315.10","1,325.36","1,313.53","387.33K","0.40%"
"06/06/2024","1,313.94","1,317.55","1,321.25","1,307.84","554.53K","0.08%"
"05/06/2024","1,312.87","1,316.50","1,325.67","1,312.87","570.87K","-0.20%"
"04/06/2024","1,315.51","1,320.57","1,322.36","1,313.54","561.71K","0.13%"
"03/06/2024","1,313.74","1,302.98","1,316.65","1,302.49","664.24K","1.61%"
"31/05/2024","1,292.90","1,296.75","1,300.01","1,290.99","398.92K","-0.14%"
"30/05/2024","1,294.72","1,293.24","1,295.93","1,276.79","657.36K","-0.31%"
"29/05/2024","1,298.75","1,312.14","1,313.12","1,297.42","670.11K","-0.80%"
"28/05/2024","1,309.27","1,298.89","1,309.27","1,295.55","527.85K","1.32%"
"27/05/2024","1,292.17","1,291.03","1,293.28","1,281.12","435.76K","0.27%"
"24/05/2024","1,288.74","1,312.24","1,316.33","1,275.72","911.62K","-1.83%"
"23/05/2024","1,312.80","1,298.38","1,312.80","1,290.85","595.83K","1.02%"
"22/05/2024","1,299.49","1,313.40","1,316.74","1,295.64","708.07K","-0.96%"
"21/05/2024","1,312.13","1,312.99","1,315.40","1,300.35","580.04K","-0.11%"
"20/05/2024","1,313.54","1,320.23","1,323.78","1,313.54","707.02K","0.20%"
"17/05/2024","1,310.87","1,305.96","1,310.87","1,301.68","621.20K","0.53%"
"16/05/2024","1,303.92","1,296.96","1,306.43","1,293.03","609.55K","1.41%"
"15/05/2024","1,285.73","1,278.42","1,290.05","1,277.54","513.66K","1.04%"
"14/05/2024","1,272.48","1,275.78","1,281.40","1,269.78","357.08K","0.33%"
"13/05/2024","1,268.30","1,276.08","1,276.86","1,261.38","410.87K","-0.34%"
"10/05/2024","1,272.61","1,278.46","1,278.94","1,263.03","409.72K","-0.15%"
"09/05/2024","1,274.49","1,281.95","1,284.90","1,269.56","444.25K","-0.30%"
"08/05/2024","1,278.35","1,270.62","1,278.35","1,262.59","563.55K","0.11%"
"07/05/2024","1,276.92","1,272.71","1,277.78","1,265.65","409.50K","0.71%"
"06/05/2024","1,267.86","1,254.21","1,267.86","1,249.13","487.69K","1.66%"
"03/05/2024","1,247.16","1,243.26","1,252.17","1,242.45","415.57K","0.53%"
"02/05/2024","1,240.61","1,237.46","1,241.27","1,231.34","373.67K","0.52%"
"26/04/2024","1,234.22","1,221.07","1,239.35","1,219.25","400.43K","0.46%"
"25/04/2024","1,228.52","1,230.77","1,231.77","1,220.91","348.88K","-0.03%"
"24/04/2024","1,228.94","1,203.90","1,231.37","1,202.64","491.51K","2.92%"
"23/04/2024","1,194.03","1,204.10","1,208.09","1,186.19","504.53K","-0.74%"
"22/04/2024","1,202.92","1,196.49","1,208.76","1,193.17","441.10K","1.47%"
"19/04/2024","1,185.51","1,200.62","1,203.76","1,176.17","740.05K","-1.67%"
"17/04/2024","1,205.61","1,227.74","1,233.28","1,205.52","545.51K","-1.78%"
"16/04/2024","1,227.50","1,225.57","1,230.81","1,201.93","885.85K","0.09%"
"15/04/2024","1,226.38","1,288.74","1,292.78","1,226.38","965.39K","-4.89%"
"12/04/2024","1,289.45","1,268.48","1,289.45","1,268.48","497.86K","1.72%"
"11/04/2024","1,267.70","1,266.41","1,272.24","1,257.98","445.93K","-0.05%"
"10/04/2024","1,268.39","1,276.75","1,280.14","1,268.39","440.11K","-0.29%"
"09/04/2024","1,272.10","1,258.15","1,272.10","1,254.25","431.51K","1.24%"
"08/04/2024","1,256.58","1,262.02","1,264.25","1,252.18","531.71K","-0.43%"
"05/04/2024","1,262.07","1,264.98","1,273.00","1,258.71","673.82K","-1.02%"
"04/04/2024","1,275.12","1,282.48","1,286.30","1,273.15","644.82K","-0.55%"
"03/04/2024","1,282.23","1,296.96","1,301.14","1,282.07","716.58K","-1.36%"
"02/04/2024","1,299.88","1,288.63","1,299.88","1,279.30","763.99K","0.29%"
"01/04/2024","1,296.11","1,296.82","1,302.43","1,287.98","596.36K","-0.32%"
"29/03/2024","1,300.31","1,307.69","1,308.11","1,297.61","542.08K","-0.43%"
"28/03/2024","1,305.91","1,300.03","1,308.63","1,299.77","633.08K","0.90%"
"27/03/2024","1,294.21","1,293.73","1,296.63","1,285.51","544.59K","0.22%"
"26/03/2024","1,291.41","1,274.30","1,291.54","1,269.62","615.89K","1.31%"
"25/03/2024","1,274.66","1,289.03","1,294.53","1,270.63","775.29K","-1.13%"
"22/03/2024","1,289.21","1,291.67","1,298.07","1,281.29","901.55K","0.29%"
"21/03/2024","1,285.42","1,274.71","1,285.42","1,270.26","857.62K","1.58%"
"20/03/2024","1,265.41","1,243.86","1,267.10","1,235.28","649.95K","1.88%"
"19/03/2024","1,242.02","1,243.74","1,249.14","1,237.16","598.61K","-0.11%"
"18/03/2024","1,243.39","1,265.05","1,268.66","1,219.48","1.19M","-1.69%"
"15/03/2024","1,264.79","1,266.22","1,272.72","1,253.09","755.61K","-0.22%"
"14/03/2024","1,267.60","1,277.00","1,282.20","1,261.61","739.82K","-0.70%"
"13/03/2024","1,276.48","1,245.66","1,276.48","1,245.66","627.82K","2.50%"
"12/03/2024","1,245.36","1,237.47","1,248.68","1,235.34","573.33K","0.55%"
"11/03/2024","1,238.55","1,251.93","1,257.72","1,235.45","667.33K","-1.06%"
"08/03/2024","1,251.76","1,277.05","1,281.43","1,251.76","972.23K","-1.88%"
"07/03/2024","1,275.78","1,268.15","1,278.45","1,264.37","668.68K","0.62%"
"06/03/2024","1,267.89","1,278.77","1,284.31","1,260.96","674.41K","-0.84%"
"05/03/2024","1,278.67","1,268.80","1,278.67","1,264.41","628.31K","0.86%"
"04/03/2024","1,267.79","1,270.22","1,273.96","1,263.33","781.45K","0.26%"
"01/03/2024","1,264.44","1,260.12","1,265.66","1,255.36","639.41K","0.50%"
"29/02/2024","1,258.09","1,259.38","1,266.27","1,250.02","745.01K","0.18%"
"28/02/2024","1,255.79","1,247.31","1,255.79","1,242.00","646.27K","1.06%"
"27/02/2024","1,242.56","1,234.21","1,242.56","1,231.95","656.70K","1.17%"
"26/02/2024","1,228.15","1,216.09","1,228.89","1,212.60","590.91K","1.06%"
"23/02/2024","1,215.23","1,235.83","1,247.21","1,215.23","988.55K","-1.57%"
"22/02/2024","1,234.58","1,237.19","1,238.55","1,232.24","531.79K","-0.20%"
"21/02/2024","1,237.03","1,236.09","1,242.09","1,229.09","648.91K","0.11%"
"20/02/2024","1,235.71","1,236.52","1,238.17","1,230.37","594.59K","0.12%"
"19/02/2024","1,234.18","1,225.99","1,234.18","1,222.00","727.52K","0.94%"
"16/02/2024","1,222.64","1,221.39","1,223.42","1,217.41","557.79K","0.43%"
"15/02/2024","1,217.39","1,212.74","1,224.67","1,212.74","645.97K","0.51%"
"07/02/2024","1,211.21","1,202.08","1,212.66","1,201.87","484.34K","0.96%"
"06/02/2024","1,199.68","1,199.06","1,202.82","1,197.61","386.17K","0.23%"
"05/02/2024","1,196.90","1,181.54","1,199.55","1,181.31","559.91K","1.48%"
"02/02/2024","1,179.49","1,179.49","1,184.67","1,177.88","544.50K","0.09%"
"01/02/2024","1,178.45","1,170.08","1,180.48","1,169.82","386.22K","0.64%"
"31/01/2024","1,170.92","1,188.02","1,189.15","1,168.87","754.39K","-1.24%"
"30/01/2024","1,185.64","1,180.86","1,186.03","1,180.27","383.18K","0.42%"
"29/01/2024","1,180.69","1,185.06","1,186.32","1,179.73","383.09K","-0.19%"
"26/01/2024","1,182.99","1,180.44","1,184.65","1,180.44","351.29K","0.44%"
"25/01/2024","1,177.84","1,180.19","1,180.19","1,174.24","326.34K","-0.08%"
"24/01/2024","1,178.74","1,181.71","1,187.12","1,177.97","444.20K","-0.35%"
"23/01/2024","1,182.85","1,189.80","1,190.98","1,180.37","422.95K","-0.38%"
"22/01/2024","1,187.37","1,187.68","1,190.55","1,179.82","543.29K","0.31%"
"19/01/2024","1,183.75","1,179.05","1,185.56","1,178.68","458.60K","0.70%"
"18/01/2024","1,175.49","1,170.54","1,176.69","1,168.81","412.83K","0.62%"
"17/01/2024","1,168.28","1,170.12","1,177.61","1,167.68","510.05K","-0.14%"
"16/01/2024","1,169.95","1,155.87","1,169.95","1,153.06","416.17K","0.97%"
"15/01/2024","1,158.72","1,168.08","1,172.31","1,158.72","404.23K","-0.40%"
"12/01/2024","1,163.43","1,164.25","1,168.50","1,151.94","775.98K","-0.33%"
"11/01/2024","1,167.26","1,166.66","1,175.04","1,161.97","587.91K","0.24%"
"10/01/2024","1,164.42","1,165.19","1,171.55","1,159.98","690.35K","-0.04%"
"09/01/2024","1,164.86","1,168.45","1,169.88","1,161.26","584.78K","-0.25%"
"08/01/2024","1,167.79","1,168.21","1,173.79","1,164.56","565.31K","0.26%"
"05/01/2024","1,164.81","1,161.60","1,166.47","1,157.47","531.95K","0.33%"
"04/01/2024","1,161.03","1,153.86","1,172.17","1,153.23","840.14K","0.72%"
"03/01/2024","1,152.77","1,140.07","1,152.77","1,136.27","426.12K","1.10%"
"02/01/2024","1,140.25","1,147.93","1,150.44","1,138.40","567.08K","-0.12%"
"29/12/2023","1,141.65","1,140.13","1,144.20","1,139.16","427.86K","0.31%"
"28/12/2023","1,138.09","1,129.37","1,139.50","1,127.34","438.32K","0.84%"
"27/12/2023","1,128.61","1,130.29","1,133.62","1,128.61","398.70K","0.03%"
"26/12/2023","1,128.29","1,125.04","1,130.00","1,123.76","414.00K","0.37%"
"25/12/2023","1,124.15","1,112.14","1,125.73","1,111.92","384.54K","1.31%"
"22/12/2023","1,109.59","1,109.60","1,112.78","1,106.47","361.80K","-0.01%"
"21/12/2023","1,109.69","1,103.75","1,109.71","1,101.77","314.71K","0.15%"
"20/12/2023","1,108.02","1,103.12","1,108.73","1,100.10","312.13K","0.47%"
"19/12/2023","1,102.81","1,095.87","1,102.81","1,086.96","368.75K","0.64%"
"18/12/2023","1,095.83","1,108.21","1,108.70","1,094.20","356.08K","-0.95%"
"15/12/2023","1,106.36","1,112.79","1,116.86","1,105.54","473.81K","-0.53%"
"14/12/2023","1,112.30","1,122.55","1,124.39","1,110.77","417.67K","-0.46%"
"13/12/2023","1,117.49","1,135.91","1,137.37","1,116.42","548.85K","-1.34%"
"12/12/2023","1,132.71","1,132.14","1,133.90","1,127.68","371.70K","0.27%"
"11/12/2023","1,129.68","1,132.38","1,133.24","1,123.54","433.82K","0.07%"
"08/12/2023","1,128.85","1,126.62","1,133.49","1,122.71","530.39K","0.21%"
"07/12/2023","1,126.45","1,129.85","1,134.40","1,110.33","918.87K","-0.22%"
"06/12/2023","1,128.93","1,119.18","1,128.93","1,117.45","545.40K","1.00%"
"05/12/2023","1,117.72","1,124.92","1,126.91","1,115.01","500.28K","-0.52%"
"04/12/2023","1,123.52","1,109.11","1,128.62","1,108.64","770.54K","1.90%"
"01/12/2023","1,102.58","1,100.56","1,103.04","1,088.71","398.79K","0.80%"
"30/11/2023","1,093.86","1,102.31","1,108.73","1,093.86","448.80K","-0.81%"
"29/11/2023","1,102.84","1,097.89","1,106.34","1,097.06","394.63K","0.69%"
"28/11/2023","1,095.28","1,086.46","1,095.62","1,073.78","423.60K","0.83%"
"27/11/2023","1,086.25","1,098.16","1,099.53","1,085.81","354.68K","-1.08%"
"24/11/2023","1,098.11","1,094.49","1,098.11","1,074.32","632.97K","0.68%"
"23/11/2023","1,090.69","1,124.70","1,127.50","1,090.69","671.75K","-2.80%"
"22/11/2023","1,122.13","1,118.30","1,123.75","1,110.43","559.86K","0.40%"
"21/11/2023","1,117.64","1,110.64","1,120.78","1,110.64","420.66K","0.70%"
"20/11/2023","1,109.84","1,095.97","1,119.37","1,090.00","536.14K","0.12%"
"17/11/2023","1,108.54","1,136.95","1,139.64","1,102.47","791.33K","-2.26%"
"16/11/2023","1,134.15","1,127.43","1,134.15","1,122.89","415.18K","0.32%"
"15/11/2023","1,130.57","1,133.03","1,144.42","1,127.22","642.58K","0.88%"
"14/11/2023","1,120.67","1,114.86","1,127.93","1,111.91","561.87K","1.16%"
"13/11/2023","1,107.78","1,107.73","1,115.70","1,098.21","522.70K","0.05%"
"10/11/2023","1,107.20","1,109.00","1,124.41","1,106.81","695.96K","-1.00%"
"09/11/2023","1,118.40","1,123.81","1,132.30","1,117.65","694.61K","-0.22%"
"08/11/2023","1,120.88","1,080.37","1,120.88","1,076.82","618.89K","3.72%"
"07/11/2023","1,080.73","1,087.42","1,092.24","1,079.53","386.11K","-0.94%"
"06/11/2023","1,091.04","1,082.65","1,091.04","1,081.51","400.46K","1.51%"
"03/11/2023","1,074.84","1,075.86","1,082.77","1,068.94","529.96K","0.05%"
"02/11/2023","1,074.28","1,035.71","1,074.28","1,035.71","502.97K","3.76%"
"01/11/2023","1,035.34","1,019.45","1,035.34","1,014.05","428.38K","1.58%"
"31/10/2023","1,019.22","1,035.52","1,038.65","1,016.13","517.67K","-1.37%"
"30/10/2023","1,033.36","1,053.55","1,056.91","1,033.36","319.80K","-2.35%"
"27/10/2023","1,058.25","1,057.36","1,060.63","1,036.47","452.82K","0.75%"
"26/10/2023","1,050.41","1,079.10","1,080.76","1,041.67","822.27K","-4.48%"
"25/10/2023","1,099.69","1,105.27","1,113.07","1,099.69","336.79K","-0.41%"
"24/10/2023","1,104.25","1,094.08","1,107.20","1,087.15","316.32K","1.14%"
"23/10/2023","1,091.82","1,106.41","1,106.61","1,085.29","367.28K","-1.40%"
"20/10/2023","1,107.36","1,084.21","1,107.92","1,073.45","419.10K","2.12%"
"19/10/2023","1,084.32","1,104.49","1,104.69","1,084.32","441.13K","-1.75%"
"18/10/2023","1,103.68","1,123.90","1,125.41","1,085.45","668.83K","-1.47%"
"17/10/2023","1,120.14","1,146.61","1,149.50","1,120.14","403.16K","-1.91%"
"16/10/2023","1,141.96","1,156.41","1,158.69","1,140.79","442.34K","-1.28%"
"13/10/2023","1,156.82","1,145.31","1,158.07","1,139.97","419.34K","0.28%"
"12/10/2023","1,153.59","1,155.06","1,161.17","1,150.01","427.39K","-0.06%"
"11/10/2023","1,154.28","1,146.50","1,154.28","1,139.17","356.62K","0.85%"
"10/10/2023","1,144.55","1,141.87","1,151.38","1,141.87","447.95K","0.56%"
"09/10/2023","1,138.15","1,125.67","1,138.15","1,123.38","394.58K","1.12%"
"06/10/2023","1,125.53","1,109.33","1,126.61","1,103.52","429.07K","1.56%"
"05/10/2023","1,108.21","1,126.76","1,128.86","1,108.21","395.95K","-1.28%"
"04/10/2023","1,122.61","1,106.39","1,131.36","1,097.31","479.01K","1.07%"
"03/10/2023","1,110.71","1,140.54","1,141.63","1,108.94","673.47K","-3.48%"
"02/10/2023","1,150.72","1,149.46","1,157.64","1,143.81","315.36K","0.20%"
"29/09/2023","1,148.47","1,152.38","1,159.09","1,146.65","375.05K","0.18%"
"28/09/2023","1,146.35","1,149.28","1,149.64","1,127.85","470.44K","-0.30%"
"27/09/2023","1,149.75","1,131.26","1,149.75","1,114.60","529.45K","1.85%"
"26/09/2023","1,128.89","1,137.54","1,155.07","1,128.89","676.84K","-0.91%"
"25/09/2023","1,139.29","1,182.39","1,187.28","1,139.29","699.45K","-3.88%"
"22/09/2023","1,185.27","1,203.08","1,203.08","1,168.98","965.38K","-2.32%"
"21/09/2023","1,213.37","1,229.39","1,230.54","1,212.55","658.11K","-1.33%"
"20/09/2023","1,229.75","1,216.37","1,231.11","1,213.04","527.90K","1.26%"
"19/09/2023","1,214.45","1,213.48","1,218.39","1,199.26","623.03K","0.23%"
"18/09/2023","1,211.63","1,222.88","1,225.23","1,203.51","551.20K","-1.16%"
"15/09/2023","1,225.85","1,224.56","1,234.03","1,219.36","620.65K","0.28%"
"14/09/2023","1,222.44","1,237.95","1,244.64","1,221.04","739.09K","-1.25%"
"13/09/2023","1,237.90","1,249.17","1,251.99","1,231.47","806.38K","-0.57%"
"12/09/2023","1,244.99","1,218.96","1,244.99","1,214.59","602.46K","2.13%"
"11/09/2023","1,218.98","1,242.45","1,249.50","1,217.83","894.25K","-1.62%"
"08/09/2023","1,239.04","1,238.34","1,246.23","1,237.23","633.60K","-0.11%"
"07/09/2023","1,240.42","1,245.56","1,253.31","1,237.66","733.66K","-0.21%"
"06/09/2023","1,243.04","1,230.63","1,243.04","1,222.01","731.08K","1.20%"
"05/09/2023","1,228.33","1,226.35","1,231.86","1,222.00","660.61K","0.77%"
"31/08/2023","1,218.92","1,207.91","1,218.92","1,207.91","610.67K","1.00%"
"30/08/2023","1,206.80","1,195.55","1,207.64","1,194.25","578.38K","1.05%"
"29/08/2023","1,194.25","1,194.68","1,198.04","1,186.45","624.64K","0.26%"
"28/08/2023","1,191.11","1,177.02","1,191.11","1,176.04","528.50K","1.78%"
"25/08/2023","1,170.30","1,173.42","1,177.89","1,166.68","591.57K","-0.28%"
"24/08/2023","1,173.59","1,153.91","1,173.59","1,150.47","547.97K","1.86%"
"23/08/2023","1,152.13","1,173.73","1,174.15","1,148.22","472.46K","-0.79%"
"22/08/2023","1,161.32","1,157.46","1,161.51","1,122.45","676.35K","0.54%"
"21/08/2023","1,155.11","1,153.58","1,164.93","1,140.78","674.14K","0.10%"
"18/08/2023","1,153.99","1,206.20","1,209.17","1,151.55","1.13M","-4.92%"
"17/08/2023","1,213.71","1,223.41","1,225.75","1,213.71","716.70K","-0.70%"
"16/08/2023","1,222.23","1,209.87","1,222.23","1,208.49","581.52K","1.00%"
"15/08/2023","1,210.17","1,214.67","1,214.91","1,206.29","522.29K","-0.21%"
"14/08/2023","1,212.71","1,210.39","1,215.01","1,202.93","702.14K","0.60%"
"11/08/2023","1,205.46","1,200.01","1,205.46","1,185.55","631.32K","1.08%"
"10/08/2023","1,192.62","1,207.89","1,209.27","1,191.59","566.30K","-1.11%"
"09/08/2023","1,205.98","1,211.29","1,213.34","1,202.26","616.45K","-0.58%"
"08/08/2023","1,213.06","1,217.86","1,219.83","1,210.19","686.71K","-0.25%"
"07/08/2023","1,216.11","1,199.73","1,216.11","1,199.73","697.31K","1.36%"
"04/08/2023","1,199.74","1,182.18","1,201.10","1,182.18","759.42K","1.58%"
"03/08/2023","1,181.03","1,188.15","1,192.54","1,178.61","702.24K","-0.66%"
"02/08/2023","1,188.93","1,184.26","1,191.59","1,180.29","591.89K","0.30%"
"01/08/2023","1,185.37","1,200.80","1,201.80","1,185.37","830.58K","-0.72%"
"31/07/2023","1,193.98","1,190.63","1,194.82","1,183.23","745.40K","1.14%"
"28/07/2023","1,180.49","1,168.82","1,180.49","1,167.22","738.01K","1.06%"
"27/07/2023","1,168.08","1,168.37","1,172.44","1,158.74","763.02K","0.02%"
"26/07/2023","1,167.79","1,164.00","1,167.79","1,160.78","614.51K","0.33%"
"25/07/2023","1,163.96","1,162.53","1,167.87","1,160.35","664.80K","0.31%"
"24/07/2023","1,160.40","1,158.86","1,161.32","1,151.04","677.51K","0.66%"
"21/07/2023","1,152.83","1,136.50","1,152.83","1,135.93","688.36K","1.53%"
"20/07/2023","1,135.42","1,131.56","1,135.42","1,127.26","545.01K","0.33%"
"19/07/2023","1,131.63","1,137.43","1,138.59","1,131.63","567.27K","-0.23%"
"18/07/2023","1,134.22","1,131.76","1,134.42","1,127.33","540.02K","0.22%"
"17/07/2023","1,131.75","1,131.04","1,133.99","1,127.97","594.65K","0.46%"
"14/07/2023","1,126.56","1,127.09","1,127.73","1,113.28","713.23K","0.41%"
"13/07/2023","1,121.98","1,115.79","1,121.98","1,115.25","547.85K","1.08%"
"12/07/2023","1,110.03","1,112.03","1,114.29","1,105.97","500.97K","-0.04%"
"11/07/2023","1,110.47","1,108.01","1,116.12","1,107.76","579.97K","0.30%"
"10/07/2023","1,107.20","1,100.35","1,107.20","1,098.46","593.24K","1.13%"
"07/07/2023","1,094.80","1,082.97","1,094.80","1,079.45","526.60K","0.95%"
"06/07/2023","1,084.46","1,092.71","1,094.11","1,079.27","654.39K","-0.74%"
"05/07/2023","1,092.55","1,095.01","1,097.84","1,092.46","538.12K","0.13%"
"04/07/2023","1,091.18","1,084.64","1,091.18","1,081.62","457.06K","0.68%"
"03/07/2023","1,083.86","1,086.62","1,089.05","1,080.65","354.78K","0.14%"
"30/06/2023","1,082.38","1,083.11","1,085.32","1,079.28","375.74K","-0.05%"
"29/06/2023","1,082.94","1,100.48","1,101.07","1,082.94","577.01K","-1.52%"
"28/06/2023","1,099.60","1,096.42","1,101.43","1,092.91","573.23K","0.41%"
"27/06/2023","1,095.13","1,096.38","1,097.15","1,089.81","449.09K","0.17%"
"26/06/2023","1,093.30","1,093.04","1,095.84","1,079.14","703.32K","0.25%"
"23/06/2023","1,090.58","1,085.40","1,091.88","1,083.03","608.68K","0.66%"
"22/06/2023","1,083.41","1,083.10","1,087.01","1,080.90","603.27K","0.66%"
"21/06/2023","1,076.35","1,067.91","1,076.35","1,066.34","575.04K","0.82%"
"20/06/2023","1,067.63","1,060.59","1,067.63","1,057.83","432.98K","0.73%"
"19/06/2023","1,059.87","1,068.27","1,069.63","1,058.86","484.38K","-0.65%"
"16/06/2023","1,066.79","1,066.45","1,083.12","1,064.18","786.45K","0.04%"
"15/06/2023","1,066.33","1,067.13","1,069.74","1,061.68","469.23K","-0.12%"
"14/06/2023","1,067.65","1,075.13","1,080.87","1,067.65","573.59K","-0.50%"
"13/06/2023","1,073.06","1,071.45","1,073.44","1,068.49","583.88K","0.35%"
"12/06/2023","1,069.37","1,065.42","1,069.37","1,053.27","494.41K","0.73%"
"09/06/2023","1,061.58","1,054.71","1,061.58","1,048.31","590.32K","0.93%"
"08/06/2023","1,051.85","1,069.07","1,071.54","1,051.85","819.85K","-1.43%"
"07/06/2023","1,067.08","1,064.83","1,067.65","1,060.93","650.77K","0.40%"
"06/06/2023","1,062.83","1,052.17","1,062.83","1,050.34","562.46K","1.07%"
"05/06/2023","1,051.53","1,058.27","1,059.59","1,050.20","642.18K","0.32%"
"02/06/2023","1,048.15","1,038.61","1,049.85","1,038.29","687.65K","1.61%"
"01/06/2023","1,031.53","1,026.29","1,031.53","1,022.43","506.38K","0.47%"
"31/05/2023","1,026.67","1,030.78","1,032.02","1,023.58","571.92K","-0.32%"
"30/05/2023","1,029.93","1,030.89","1,031.62","1,024.31","538.86K","0.33%"
"29/05/2023","1,026.59","1,019.44","1,027.47","1,019.43","447.57K","1.04%"
"26/05/2023","1,016.03","1,017.36","1,018.11","1,014.97","395.71K","0.08%"
"25/05/2023","1,015.20","1,014.58","1,017.14","1,010.89","433.80K","-0.01%"
"24/05/2023","1,015.34","1,025.55","1,025.56","1,014.79","468.54K","-0.59%"
"23/05/2023","1,021.35","1,026.09","1,028.80","1,017.52","483.76K","-0.40%"
"22/05/2023","1,025.45","1,020.69","1,025.45","1,019.29","445.37K","0.67%"
"19/05/2023","1,018.64","1,020.74","1,020.74","1,010.15","453.84K","0.04%"
"18/05/2023","1,018.25","1,015.15","1,023.97","1,012.40","405.37K","0.61%"
"17/05/2023","1,012.11","1,020.26","1,023.37","1,012.11","474.01K","-0.80%"
"16/05/2023","1,020.31","1,023.12","1,023.85","1,017.42","385.63K","-0.07%"
"15/05/2023","1,021.00","1,021.96","1,031.53","1,021.00","502.28K","0.02%"
"12/05/2023","1,020.84","1,012.70","1,020.84","1,008.50","445.99K","0.91%"
"11/05/2023","1,011.64","1,014.65","1,017.15","1,010.30","464.53K","0.04%"
"10/05/2023","1,011.28","1,006.84","1,011.61","1,004.82","413.63K","0.66%"
"09/05/2023","1,004.65","1,003.95","1,007.96","1,003.05","341.27K","0.08%"
"08/05/2023","1,003.84","997.37","1,003.84","997.32","398.86K","1.00%"
"05/05/2023","993.90","994.39","997.79","990.61","300.27K","-0.11%"
"04/05/2023","995.02","1,000.23","1,002.80","993.70","396.72K","-0.86%"
"28/04/2023","1,003.66","997.79","1,003.66","997.11","397.89K","1.05%"
"27/04/2023","993.27","995.83","999.42","991.35","335.39K","-0.08%"
"26/04/2023","994.02","985.87","994.02","979.51","312.22K","0.78%"
"25/04/2023","986.37","995.34","1,000.34","985.60","321.94K","-0.85%"
"24/04/2023","994.81","997.96","1,002.60","991.62","292.15K","-0.14%"
"21/04/2023","996.18","1,004.18","1,005.40","994.84","371.06K","-0.65%"
"20/04/2023","1,002.69","1,005.32","1,006.68","999.39","225.95K","-0.16%"
"19/04/2023","1,004.25","1,015.87","1,016.01","1,003.74","361.12K","-0.83%"
"18/04/2023","1,012.66","1,013.76","1,015.51","1,008.17","358.25K","0.05%"
"17/04/2023","1,012.16","1,010.22","1,012.60","1,006.60","280.09K","0.17%"
"14/04/2023","1,010.47","1,026.24","1,027.86","1,010.47","538.34K","-1.17%"
"13/04/2023","1,022.47","1,028.83","1,029.44","1,019.91","423.47K","-0.50%"
"12/04/2023","1,027.61","1,029.36","1,031.34","1,025.04","485.86K","0.06%"
"11/04/2023","1,027.01","1,020.56","1,027.01","1,012.89","459.13K","0.47%"
"10/04/2023","1,022.17","1,027.06","1,032.09","1,018.93","558.78K","-0.03%"
"07/04/2023","1,022.47","1,022.20","1,023.82","1,015.21","418.63K","0.08%"
"06/04/2023","1,021.66","1,035.55","1,037.62","1,021.66","650.90K","-1.14%"
"05/04/2023","1,033.42","1,030.53","1,033.42","1,025.73","487.41K","0.27%"
"04/04/2023","1,030.67","1,029.26","1,031.62","1,024.84","510.07K","0.27%"
"03/04/2023","1,027.88","1,018.58","1,027.88","1,018.58","580.34K","1.63%"
"31/03/2023","1,011.42","1,005.44","1,014.51","1,005.44","436.35K","0.64%"
"30/03/2023","1,005.02","1,007.92","1,011.45","1,004.33","413.77K","0.33%"
"29/03/2023","1,001.73","1,000.80","1,001.73","994.43","311.35K","0.20%"
"28/03/2023","999.71","1,002.85","1,005.89","997.76","417.48K","0.13%"
"27/03/2023","998.42","994.17","1,000.49","989.55","380.00K","0.55%"
"24/03/2023","992.92","991.11","997.13","989.30","374.28K","0.46%"
"23/03/2023","988.34","979.31","988.34","975.64","281.97K","0.48%"
"22/03/2023","983.59","978.39","986.29","978.39","290.32K","0.57%"
"21/03/2023","978.03","974.25","978.23","960.82","293.20K","1.01%"
"20/03/2023","968.22","985.06","985.42","966.64","348.67K","-2.16%"
"17/03/2023","989.57","995.13","996.60","985.80","398.59K","0.12%"
"16/03/2023","988.39","996.86","998.53","982.78","348.51K","-1.52%"
"15/03/2023","1,003.61","981.43","1,003.66","981.43","402.63K","2.66%"
"14/03/2023","977.65","989.52","991.17","973.47","408.31K","-1.37%"
"13/03/2023","991.19","985.45","995.55","984.69","383.61K","-0.01%"
"10/03/2023","991.28","989.92","993.38","984.34","329.08K","-0.37%"
"09/03/2023","994.97","988.48","1,000.28","988.02","413.99K","0.85%"
"08/03/2023","986.60","964.65","986.60","963.89","338.54K","1.37%"
"07/03/2023","973.26","971.46","980.51","969.54","313.05K","1.15%"
"06/03/2023","962.16","968.97","977.99","961.71","275.42K","0.32%"
"03/03/2023","959.10","974.78","978.66","958.32","267.34K","-1.51%"
"02/03/2023","973.84","977.27","981.88","970.78","218.00K","-0.35%"
"01/03/2023","977.28","957.75","977.28","947.54","325.81K","1.90%"
"28/02/2023","959.07","962.48","969.48","954.01","222.58K","0.36%"
"27/02/2023","955.64","974.85","974.85","953.14","330.84K","-2.15%"
"24/02/2023","976.60","994.35","994.36","974.03","235.82K","-1.91%"
"23/02/2023","995.59","994.97","995.61","972.17","417.38K","-0.03%"
"22/02/2023","995.90","1,022.33","1,022.33","995.90","499.64K","-2.81%"
"21/02/2023","1,024.73","1,033.84","1,039.53","1,024.73","424.08K","-0.56%"
"20/02/2023","1,030.50","999.25","1,030.50","999.25","449.04K","3.10%"
"17/02/2023","999.50","1,000.12","1,003.79","993.66","294.63K","0.01%"
"16/02/2023","999.38","991.79","999.38","985.85","293.19K","1.21%"
"15/02/2023","987.42","977.48","992.67","974.12","348.96K","0.87%"
"14/02/2023","978.90","982.92","985.41","974.50","243.46K","-0.21%"
"13/02/2023","980.97","990.27","991.77","968.83","405.14K","-1.41%"
"10/02/2023","995.02","1,006.86","1,009.27","994.96","282.77K","-1.12%"
"09/02/2023","1,006.33","1,013.32","1,018.57","1,006.33","260.93K","-0.87%"
"08/02/2023","1,015.19","1,015.45","1,023.82","1,004.71","335.20K","0.30%"
"07/02/2023","1,012.11","1,036.15","1,038.58","1,011.69","427.81K","-2.22%"
"06/02/2023","1,035.14","1,026.47","1,035.14","1,017.02","291.84K","0.84%"
"03/02/2023","1,026.48","1,035.31","1,037.20","1,022.98","365.33K","-0.72%"
"02/02/2023","1,033.93","1,037.99","1,041.42","1,025.15","411.34K","0.03%"
"01/02/2023","1,033.58","1,072.83","1,075.50","1,033.58","722.83K","-3.38%"
"31/01/2023","1,069.79","1,058.06","1,069.79","1,046.50","461.80K","0.97%"
"30/01/2023","1,059.49","1,074.38","1,074.68","1,059.49","515.12K","-1.24%"
"27/01/2023","1,072.82","1,070.53","1,081.67","1,068.60","413.78K","0.87%"
"19/01/2023","1,063.59","1,052.79","1,065.70","1,051.71","424.87K","0.63%"
"18/01/2023","1,056.96","1,050.03","1,058.36","1,047.20","390.61K","1.03%"
"17/01/2023","1,046.19","1,023.39","1,046.19","1,023.39","449.29K","2.43%"
"16/01/2023","1,021.42","1,019.28","1,022.57","1,013.84","288.12K","0.45%"
"13/01/2023","1,016.87","1,019.24","1,024.00","1,011.47","354.59K","0.31%"
"12/01/2023","1,013.73","1,017.33","1,019.72","1,008.01","277.42K","0.00%"
"11/01/2023","1,013.71","1,015.76","1,024.66","1,013.16","377.49K","0.33%"
"10/01/2023","1,010.36","1,012.14","1,014.72","1,001.02","299.88K","-0.03%"
"09/01/2023","1,010.69","1,016.32","1,019.75","1,007.55","278.40K","0.17%"
"06/01/2023","1,008.96","1,012.79","1,025.94","1,005.29","467.83K","-0.47%"
"05/01/2023","1,013.72","1,006.76","1,017.35","1,003.99","360.14K","0.96%"
"04/01/2023","1,004.09","1,005.88","1,012.10","1,000.67","384.29K","0.22%"
"03/01/2023","1,001.87","969.98","1,001.87","969.74","368.22K","3.70%"
"30/12/2022","966.09","971.63","972.64","963.81","241.75K","0.07%"
"29/12/2022","965.40","971.20","977.11","965.40","264.72K","-0.60%"
"28/12/2022","971.26","965.20","977.25","954.30","290.45K","0.92%"
"27/12/2022","962.45","940.12","965.16","937.38","374.11K","2.32%"
"26/12/2022","940.64","982.40","982.92","940.64","409.56K","-4.42%"
"23/12/2022","984.09","987.49","989.26","973.90","313.77K","-0.47%"
"22/12/2022","988.70","985.02","996.09","979.43","399.58K","0.50%"
"21/12/2022","983.76","994.14","994.64","963.62","507.31K","-0.10%"
"20/12/2022","984.79","1,001.90","1,004.43","969.35","693.81K","-1.95%"
"19/12/2022","1,004.38","1,017.91","1,033.49","1,004.38","625.74K","-1.34%"
"16/12/2022","1,018.01","1,011.54","1,028.99","1,009.45","596.82K","-0.15%"
"15/12/2022","1,019.55","1,007.99","1,024.21","1,007.81","501.04K","0.96%"
"14/12/2022","1,009.89","1,008.97","1,023.04","1,006.65","482.45K","0.14%"
"13/12/2022","1,008.45","991.99","1,008.45","981.44","550.54K","1.88%"
"12/12/2022","989.81","1,017.44","1,022.61","989.81","602.76K","-2.18%"
"09/12/2022","1,011.92","1,013.90","1,019.71","998.90","553.02K","0.37%"
"08/12/2022","1,008.16","1,001.93","1,031.18","999.79","648.20K","1.90%"
"07/12/2022","989.35","995.04","1,006.46","980.51","568.13K","-0.91%"
"06/12/2022","998.44","1,042.66","1,044.28","998.44","1.00M","-4.48%"
"05/12/2022","1,045.23","1,030.96","1,052.76","1,030.96","814.72K","1.73%"
"02/12/2022","1,027.49","978.81","1,027.49","976.54","779.10K","4.51%"
"01/12/2022","983.13","999.69","1,012.05","981.05","933.40K","-0.52%"
"30/11/2022","988.24","974.22","988.24","961.36","746.65K","2.06%"
"29/11/2022","968.32","949.15","968.32","936.90","820.98K","2.51%"
"28/11/2022","944.64","919.15","945.09","918.24","661.51K","3.89%"
"25/11/2022","909.27","891.91","909.27","891.59","402.34K","2.84%"
"24/11/2022","884.13","877.01","885.64","868.45","346.49K","0.20%"
"23/11/2022","882.33","884.82","895.48","878.04","354.47K","-0.80%"
"22/11/2022","889.41","894.94","922.23","883.66","751.34K","-0.65%"
"21/11/2022","895.23","906.49","907.94","890.96","371.84K","-1.02%"
"18/11/2022","904.47","899.97","909.54","875.04","619.96K","0.30%"
"17/11/2022","901.73","876.10","905.25","876.10","446.16K","3.04%"
"16/11/2022","875.14","817.43","875.45","803.80","676.33K","3.88%"
"15/11/2022","842.48","858.13","861.61","832.13","424.72K","-3.70%"
"14/11/2022","874.88","886.16","886.16","857.71","437.42K","-1.90%"
"11/11/2022","891.84","895.05","906.79","887.79","478.42K","0.57%"
"10/11/2022","886.76","918.51","918.51","877.19","485.89K","-4.59%"
"09/11/2022","929.42","933.02","944.13","921.44","371.09K","-0.29%"
"08/11/2022","932.11","909.54","932.81","904.23","393.72K","0.67%"
"07/11/2022","925.89","948.75","954.46","923.26","382.70K","-2.95%"
"04/11/2022","954.06","967.11","968.57","933.22","522.55K","-2.70%"
"03/11/2022","980.58","968.78","985.51","967.73","291.05K","-0.12%"
"02/11/2022","981.76","993.39","995.23","978.82","360.64K","-1.18%"
"01/11/2022","993.49","986.76","1,004.41","986.76","442.29K","0.83%"
"31/10/2022","985.36","986.79","991.27","960.60","437.59K","-0.39%"
"28/10/2022","989.18","998.46","1,006.28","986.71","365.38K","-0.08%"
"27/10/2022","990.02","951.81","990.02","946.93","416.49K","4.11%"
"26/10/2022","950.93","957.91","961.52","939.96","242.77K","-0.31%"
"25/10/2022","953.92","936.29","968.70","913.78","492.68K","1.54%"
"24/10/2022","939.43","975.07","977.43","928.48","376.13K","-3.66%"
"21/10/2022","975.11","1,019.10","1,019.10","967.24","456.52K","-4.18%"
"20/10/2022","1,017.68","1,018.29","1,024.69","1,009.02","249.08K","-0.38%"
"19/10/2022","1,021.57","1,027.53","1,028.97","1,013.80","235.67K","-0.43%"
"18/10/2022","1,025.94","1,030.79","1,035.55","1,020.11","322.72K","0.91%"
"17/10/2022","1,016.72","1,015.93","1,016.72","996.45","289.79K","-0.75%"
"14/10/2022","1,024.40","1,028.57","1,032.97","1,019.06","359.96K","1.23%"
"13/10/2022","1,011.97","998.21","1,011.97","987.72","269.25K","1.37%"
"12/10/2022","998.27","965.31","1,001.62","961.81","375.28K","3.41%"
"11/10/2022","965.37","996.33","996.33","953.74","417.92K","-3.72%"
"10/10/2022","1,002.68","984.81","1,012.42","973.93","387.86K","0.33%"
"07/10/2022","999.39","1,020.48","1,022.51","986.79","567.79K","-3.87%"
"06/10/2022","1,039.57","1,075.53","1,077.68","1,036.87","334.87K","-3.23%"
"05/10/2022","1,074.28","1,065.86","1,082.57","1,064.79","266.17K","2.37%"
"04/10/2022","1,049.46","1,071.75","1,074.96","1,043.86","354.51K","-0.88%"
"03/10/2022","1,058.77","1,100.82","1,102.55","1,054.32","338.12K","-4.57%"
"30/09/2022","1,109.45","1,098.67","1,114.38","1,080.28","411.58K","0.33%"
"29/09/2022","1,105.85","1,126.56","1,136.40","1,105.85","264.58K","-1.29%"
"28/09/2022","1,120.32","1,133.15","1,137.42","1,119.19","308.92K","-1.74%"
"27/09/2022","1,140.16","1,148.37","1,152.18","1,139.25","267.08K","-0.44%"
"26/09/2022","1,145.19","1,159.13","1,162.43","1,131.76","476.34K","-2.76%"
"23/09/2022","1,177.67","1,189.31","1,192.39","1,176.01","272.85K","-1.07%"
"22/09/2022","1,190.39","1,175.97","1,190.39","1,171.30","285.31K","0.38%"
"21/09/2022","1,185.93","1,190.90","1,193.20","1,181.25","213.01K","-0.90%"
"20/09/2022","1,196.70","1,189.72","1,196.70","1,176.84","272.78K","1.16%"
"19/09/2022","1,182.99","1,209.16","1,211.05","1,179.52","431.05K","-2.24%"
"16/09/2022","1,210.14","1,221.82","1,224.85","1,206.70","405.72K","-1.17%"
"15/09/2022","1,224.43","1,229.28","1,230.88","1,222.80","264.11K","0.17%"
"14/09/2022","1,222.37","1,209.68","1,223.43","1,208.40","407.41K","-0.46%"
"13/09/2022","1,228.07","1,230.96","1,232.21","1,223.60","292.13K","-0.06%"
"12/09/2022","1,228.83","1,236.72","1,238.33","1,228.83","267.72K","-0.11%"
"09/09/2022","1,230.24","1,225.01","1,230.24","1,209.00","382.45K","1.08%"
"08/09/2022","1,217.15","1,232.49","1,232.63","1,217.15","353.65K","-0.55%"
"07/09/2022","1,223.85","1,255.34","1,255.81","1,223.85","547.03K","-2.66%"
"06/09/2022","1,257.32","1,257.77","1,265.01","1,257.00","362.74K","0.07%"
"05/09/2022","1,256.38","1,258.08","1,262.70","1,253.31","314.02K","-0.16%"
"31/08/2022","1,258.36","1,250.94","1,261.93","1,249.39","307.09K","0.31%"
"30/08/2022","1,254.53","1,253.70","1,265.71","1,251.75","322.74K","0.08%"
"29/08/2022","1,253.51","1,254.84","1,254.84","1,231.64","538.59K","-1.04%"
"26/08/2022","1,266.72","1,275.43","1,278.58","1,264.37","401.59K","-0.43%"
"25/08/2022","1,272.19","1,261.65","1,272.24","1,261.65","365.32K","1.07%"
"24/08/2022","1,258.71","1,256.68","1,262.31","1,254.27","333.65K","0.39%"
"23/08/2022","1,253.82","1,234.87","1,253.82","1,234.81","341.53K","0.79%"
"22/08/2022","1,244.03","1,250.95","1,253.08","1,238.08","351.19K","-0.60%"
"19/08/2022","1,251.55","1,256.15","1,260.67","1,245.97","375.65K","-0.43%"
"18/08/2022","1,256.97","1,256.99","1,266.85","1,252.48","368.61K","-0.16%"
"17/08/2022","1,259.04","1,259.36","1,264.20","1,255.79","419.52K","0.15%"
"16/08/2022","1,257.15","1,255.70","1,258.97","1,253.03","393.02K","0.13%"
"15/08/2022","1,255.46","1,248.17","1,255.91","1,247.04","409.79K","1.11%"
"12/08/2022","1,241.68","1,230.43","1,241.68","1,227.12","335.43K","0.83%"
"11/08/2022","1,231.47","1,244.86","1,251.59","1,226.38","494.33K","-0.63%"
"10/08/2022","1,239.31","1,240.33","1,244.40","1,238.11","374.20K","-0.25%"
"09/08/2022","1,242.37","1,242.46","1,246.17","1,236.26","411.35K","0.34%"
"08/08/2022","1,238.10","1,233.13","1,241.09","1,232.24","386.34K","0.38%"
"05/08/2022","1,233.39","1,231.83","1,234.60","1,226.16","405.34K","-0.13%"
"04/08/2022","1,234.97","1,235.01","1,240.28","1,229.61","437.74K","0.32%"
"03/08/2022","1,230.97","1,217.48","1,231.63","1,215.25","471.69K","0.54%"
"02/08/2022","1,224.30","1,216.56","1,224.79","1,211.35","465.76K","0.62%"
"01/08/2022","1,216.70","1,191.83","1,216.70","1,191.83","477.68K","2.09%"
"29/07/2022","1,191.79","1,202.01","1,202.07","1,191.79","351.76K","-0.37%"
"28/07/2022","1,196.16","1,179.48","1,201.57","1,179.48","415.15K","1.42%"
"27/07/2022","1,179.45","1,174.70","1,179.45","1,168.67","252.45K","0.37%"
"26/07/2022","1,175.15","1,180.02","1,184.87","1,174.67","248.85K","-0.45%"
"25/07/2022","1,180.43","1,185.98","1,188.54","1,177.08","254.68K","-0.60%"
"22/07/2022","1,187.53","1,195.66","1,199.31","1,187.53","281.29K","-0.44%"
"21/07/2022","1,192.74","1,187.83","1,197.53","1,187.63","316.24K","0.58%"
"20/07/2022","1,185.85","1,179.37","1,190.45","1,177.40","362.12K","1.32%"
"19/07/2022","1,170.45","1,170.67","1,172.46","1,161.39","291.34K","-0.07%"
"18/07/2022","1,171.29","1,180.58","1,181.09","1,169.42","298.11K","-0.30%"
"15/07/2022","1,174.82","1,178.45","1,184.65","1,173.30","367.88K","-0.12%"
"14/07/2022","1,176.26","1,165.07","1,177.39","1,164.36","315.08K","0.56%"
"13/07/2022","1,169.68","1,170.72","1,178.66","1,167.54","307.77K","-0.19%"
"12/07/2022","1,171.95","1,154.58","1,171.95","1,152.40","300.65K","1.46%"
"11/07/2022","1,155.08","1,167.60","1,168.21","1,146.24","317.00K","-1.64%"
"08/07/2022","1,174.34","1,174.88","1,178.58","1,167.28","299.35K","0.61%"
"07/07/2022","1,167.22","1,151.45","1,167.22","1,147.04","231.59K","1.35%"
"06/07/2022","1,151.69","1,179.79","1,179.79","1,151.69","331.76K","-2.53%"
"05/07/2022","1,181.62","1,195.95","1,197.74","1,180.14","353.78K","-0.94%"
"04/07/2022","1,192.85","1,198.73","1,204.95","1,188.34","268.73K","-0.11%"
"01/07/2022","1,194.16","1,186.47","1,197.90","1,163.83","312.51K","0.39%"
"30/06/2022","1,189.50","1,216.05","1,217.36","1,189.50","310.63K","-2.05%"
"29/06/2022","1,214.42","1,202.00","1,216.96","1,201.87","331.49K","0.02%"
"28/06/2022","1,214.12","1,196.27","1,215.50","1,191.87","349.13K","1.40%"
"27/06/2022","1,197.34","1,181.36","1,197.34","1,180.90","285.42K","1.62%"
"24/06/2022","1,178.27","1,182.27","1,188.88","1,178.27","257.52K","-0.24%"
"23/06/2022","1,181.06","1,161.50","1,181.06","1,155.29","249.37K","1.70%"
"22/06/2022","1,161.32","1,164.40","1,171.76","1,153.99","344.99K","0.51%"
"21/06/2022","1,155.46","1,155.36","1,172.84","1,146.33","417.56K","-0.76%"
"20/06/2022","1,164.33","1,200.46","1,205.64","1,162.12","408.02K","-3.00%"
"17/06/2022","1,200.28","1,196.87","1,203.21","1,174.93","465.17K","-1.93%"
"16/06/2022","1,223.95","1,216.79","1,233.37","1,210.86","356.79K","1.89%"
"15/06/2022","1,201.23","1,217.63","1,221.12","1,178.39","419.49K","-1.10%"
"14/06/2022","1,214.61","1,201.51","1,227.05","1,198.82","342.36K","-0.07%"
"13/06/2022","1,215.45","1,245.48","1,255.18","1,215.45","447.71K","-4.99%"
"10/06/2022","1,279.23","1,289.88","1,303.54","1,279.23","370.69K","-1.62%"
"09/06/2022","1,300.35","1,302.21","1,304.24","1,291.46","293.79K","0.10%"
"08/06/2022","1,299.04","1,284.27","1,305.08","1,280.54","365.01K","1.70%"
"07/06/2022","1,277.33","1,274.41","1,277.33","1,247.27","385.87K","-0.15%"
"06/06/2022","1,279.29","1,284.17","1,293.84","1,275.43","332.18K","-0.19%"
"03/06/2022","1,281.77","1,280.65","1,285.89","1,267.37","260.20K","0.15%"
"02/06/2022","1,279.87","1,294.15","1,297.75","1,273.99","327.96K","-0.90%"
"01/06/2022","1,291.48","1,285.45","1,294.91","1,276.47","312.85K","0.21%"
"31/05/2022","1,288.77","1,296.49","1,296.49","1,280.43","320.96K","-0.64%"
"30/05/2022","1,297.08","1,291.40","1,297.40","1,284.67","284.12K","0.64%"
"27/05/2022","1,288.85","1,267.90","1,291.66","1,267.03","331.00K","1.79%"
"26/05/2022","1,266.14","1,268.25","1,275.61","1,260.56","306.55K","-0.01%"
"25/05/2022","1,266.33","1,232.56","1,266.33","1,229.04","390.31K","3.23%"
"24/05/2022","1,226.68","1,210.82","1,226.68","1,193.17","313.73K","1.35%"
"23/05/2022","1,210.34","1,241.37","1,241.46","1,199.81","306.64K","-2.03%"
"20/05/2022","1,235.46","1,235.54","1,248.17","1,226.25","280.53K","0.14%"
"19/05/2022","1,233.78","1,205.84","1,240.97","1,203.90","296.18K","-0.04%"
"18/05/2022","1,234.30","1,235.27","1,246.66","1,218.48","333.65K","0.95%"
"17/05/2022","1,222.72","1,155.28","1,222.72","1,147.46","350.70K","5.19%"
"16/05/2022","1,162.39","1,199.56","1,205.95","1,160.47","362.79K","-0.87%"
"13/05/2022","1,172.60","1,227.38","1,232.13","1,167.80","476.10K","-4.66%"
"12/05/2022","1,229.90","1,284.86","1,286.51","1,229.90","326.53K","-5.20%"
"11/05/2022","1,297.38","1,290.50","1,300.87","1,272.21","231.28K","0.68%"
"10/05/2022","1,288.61","1,258.90","1,288.61","1,227.63","386.92K","1.98%"
"09/05/2022","1,263.57","1,306.37","1,308.79","1,257.46","413.31K","-4.61%"
"06/05/2022","1,324.63","1,350.61","1,350.61","1,324.38","338.03K","-2.47%"
"05/05/2022","1,358.12","1,362.52","1,362.86","1,328.65","326.77K","0.65%"
"04/05/2022","1,349.34","1,372.85","1,372.94","1,349.34","293.53K","-1.94%"
"29/04/2022","1,376.00","1,355.90","1,376.75","1,350.22","329.13K","1.46%"
"28/04/2022","1,356.25","1,357.77","1,365.72","1,349.77","267.30K","-0.13%"
"27/04/2022","1,357.98","1,346.35","1,361.54","1,319.65","280.09K","0.70%"
"26/04/2022","1,348.52","1,294.35","1,348.52","1,264.81","429.00K","2.50%"
"25/04/2022","1,315.66","1,391.65","1,392.98","1,307.75","439.60K","-5.46%"
"22/04/2022","1,391.65","1,392.83","1,407.51","1,363.25","447.04K","0.65%"
"21/04/2022","1,382.64","1,387.45","1,406.17","1,368.74","473.85K","-0.69%"
"20/04/2022","1,392.24","1,406.80","1,417.16","1,392.24","405.45K","-1.10%"
"19/04/2022","1,407.69","1,441.34","1,449.21","1,407.69","404.78K","-2.09%"
"18/04/2022","1,437.72","1,463.21","1,463.21","1,430.70","483.07K","-1.97%"
"15/04/2022","1,466.58","1,485.91","1,490.22","1,464.08","406.78K","-1.53%"
"14/04/2022","1,489.33","1,498.00","1,502.72","1,488.34","293.79K","-0.36%"
"13/04/2022","1,494.67","1,475.70","1,494.67","1,465.21","378.44K","1.62%"
"12/04/2022","1,470.83","1,500.71","1,503.27","1,470.83","386.17K","-1.58%"
"08/04/2022","1,494.39","1,515.30","1,520.99","1,494.39","422.75K","-1.42%"
"07/04/2022","1,515.90","1,537.33","1,539.45","1,515.90","468.94K","-1.22%"
"06/04/2022","1,534.69","1,519.62","1,536.78","1,515.13","538.60K","0.53%"
"05/04/2022","1,526.58","1,530.78","1,537.35","1,526.34","381.92K","-0.47%"
"04/04/2022","1,533.73","1,544.60","1,544.81","1,533.73","458.58K","0.26%"
"01/04/2022","1,529.68","1,497.70","1,529.68","1,494.20","501.93K","2.00%"
"31/03/2022","1,499.71","1,499.10","1,506.39","1,495.68","337.05K","0.23%"
"30/03/2022","1,496.26","1,496.80","1,510.04","1,488.92","470.63K","-0.34%"
"29/03/2022","1,501.30","1,487.28","1,502.78","1,487.28","347.97K","1.06%"
"28/03/2022","1,485.61","1,500.54","1,500.54","1,475.10","547.00K","-1.01%"
"25/03/2022","1,500.70","1,500.42","1,504.09","1,496.25","382.26K","0.10%"
"24/03/2022","1,499.19","1,505.36","1,506.87","1,496.78","410.56K","-0.35%"
"23/03/2022","1,504.44","1,509.29","1,515.96","1,504.06","439.01K","-0.18%"
"22/03/2022","1,507.11","1,501.03","1,511.39","1,500.48","489.68K","0.78%"
"21/03/2022","1,495.49","1,472.97","1,495.49","1,472.97","386.54K","1.75%"
"18/03/2022","1,469.74","1,467.30","1,476.03","1,467.30","403.35K","0.44%"
"17/03/2022","1,463.36","1,472.33","1,472.60","1,463.28","370.98K","-0.08%"
"16/03/2022","1,464.50","1,465.70","1,468.20","1,459.53","299.23K","0.44%"
"15/03/2022","1,458.10","1,448.73","1,458.75","1,441.80","376.03K","0.66%"
"14/03/2022","1,448.60","1,460.18","1,462.76","1,442.30","475.97K","-1.24%"